run_id,benchmark,item_id,prompt_idx,model,selected_model,judge_model_used,timeouts_count,retries_count,temperature,duration_ms,correct_int,gpu_sample_count,gpu_duration_s,gpu_total_energy_j,gpu_effective_energy_j,gpu_avg_total_power_w,gpu_avg_effective_power_w,level,type,reason
1772818063,math500,0,1,deepseek-r1:32b,deepseek-r1:32b,deepseek-r1:32b,0,0,0.2,57838,1,289,57.698493242263794,15070.303993544592,10941.290638992166,260.5236643598616,188.97900027681646,2,,Correct formatting and from the largest model.
1772818063,math500,1,2,deepseek-r1:8b,deepseek-r1:8b,deepseek-r1:32b,0,0,0.2,128764,1,643,128.61865639686584,34565.17222032001,25336.698116848318,268.4838164852257,196.73313654743373,5,,"All answers are correct and identical, so the first one is chosen."
1772818063,math500,2,3,deepseek-r1:8b,deepseek-r1:8b,deepseek-r1:32b,0,0,0.2,62104,1,310,61.90016412734985,16826.847701412436,12385.991742798542,271.28884838709644,199.54655651612887,3,,All answers are correct and identical.
1772818063,math500,3,4,deepseek-r1:8b,deepseek-r1:8b,deepseek-r1:32b,0,1,0.2,61541,1,307,61.307044982910156,16206.68397621205,11808.684248015445,263.8239348534203,192.08659856677502,3,,"All answers are correct and identical, so the smallest index is chosen."
1772818063,math500,4,5,deepseek-r1:32b,deepseek-r1:32b,deepseek-r1:32b,0,0,0.2,118851,0,593,118.59711265563965,33231.8456010846,24722.65842858344,279.90854974704877,208.15984465429995,2,,Evelyn has the highest average speed. | override:format_guardrail
1772818063,math500,5,6,deepseek-r1:8b,deepseek-r1:8b,deepseek-r1:32b,0,1,0.2,75388,1,377,75.32611513137817,20759.386895833348,15355.113427229444,275.1396286472148,203.3945733687002,2,,All answers are correct and identical.
1772818063,math500,6,7,deepseek-r1:8b,deepseek-r1:8b,deepseek-r1:32b,0,1,0.2,118453,1,591,118.20719790458679,34127.21072223302,25645.93991113738,288.38850930626,216.63930125211502,3,,"All answers are correct and identical, so the first one is chosen."
1772818063,math500,7,8,deepseek-r1:8b,deepseek-r1:8b,deepseek-r1:32b,0,0,0.2,125024,0,624,124.81279063224792,34348.49710863017,25392.719454765465,274.9253798076926,203.1716849358976,4,,All answers are correct and the angle is 90 degrees.
1772818063,math500,8,9,deepseek-r1:8b,deepseek-r1:8b,deepseek-r1:32b,0,0,0.2,47147,1,235,46.87679958343506,12026.406855568232,8663.677269099513,255.89287234042536,184.15729582978707,3,,"All answers are correct and identical, meeting the simplest radical form requirement."
1772818063,math500,9,10,deepseek-r1:8b,deepseek-r1:8b,deepseek-r1:32b,0,0,0.2,373001,1,1862,372.82650113105774,114188.6370317982,87434.94944458918,306.2038276047258,234.44474451127755,5,,All candidates agree on the correct answer of 4 distinct values.
1772818063,math500,10,11,deepseek-r1:8b,deepseek-r1:8b,deepseek-r1:32b,0,0,0.2,218897,1,1093,218.77986884117126,63367.15615533927,47668.4297760012,289.47287740164705,217.7170647758462,3,,"All answers are correct and identical, so the first one is chosen."
1772818063,math500,11,12,deepseek-r1:32b,deepseek-r1:32b,deepseek-r1:8b,2,3,0.2,1880261,1,9386,1880.0815205574036,663802.6903104257,528888.4720376327,353.0463578734296,281.2865874110357,5,,All correct and identical
1772818063,math500,12,13,deepseek-r1:32b,deepseek-r1:32b,deepseek-r1:32b,0,0,0.2,93940,1,468,93.58069920539856,27767.534932405455,21052.75353656977,296.30330128205173,224.54937564102553,5,,"All answers are correct, chose the largest model."
1772818063,math500,13,14,deepseek-r1:8b,deepseek-r1:8b,deepseek-r1:32b,0,1,0.2,56282,1,281,56.09660887718201,14689.56871074345,10664.778005183209,261.4479928825621,189.70046177935927,2,,All answers are correct and identical.
1772818063,math500,14,15,deepseek-r1:8b,deepseek-r1:8b,deepseek-r1:32b,0,0,0.2,83069,1,415,82.94386887550354,21706.338523595827,15755.374930668622,261.3261710843374,189.57926293975888,1,,"All answers are correct and identical, so the first is chosen."
1772818063,math500,15,16,deepseek-r1:8b,deepseek-r1:8b,deepseek-r1:32b,0,0,0.2,148626,1,742,148.44352388381958,45412.937646328704,34761.15758677933,305.65579514824765,233.89934215633414,5,,All answers are correct and identical.
1772818063,math500,16,17,deepseek-r1:8b,deepseek-r1:8b,,0,0,0.1,1151,0,6,1.0018682479858398,97.36779061169364,25.47364498686511,97.6895,25.92941999999997,1,,tools:success
1772818063,math500,17,18,deepseek-r1:14b,deepseek-r1:14b,deepseek-r1:32b,0,0,0.2,202652,1,1011,202.35503911972046,56992.55015225406,42472.36203467287,281.4683541048467,209.71234959446082,4,,Correct smallest c is π/3 | override:format_guardrail
1772818063,math500,18,19,deepseek-r1:8b,deepseek-r1:8b,deepseek-r1:32b,2,2,0.2,1474217,1,7359,1473.967264175415,515366.8613810509,409594.85258644447,349.6152484033158,277.8551684033128,1,,Correct application of isosceles triangle properties and angle sum.
1772818063,math500,19,20,deepseek-r1:8b,deepseek-r1:8b,deepseek-r1:32b,0,0,0.2,354244,1,1769,354.1836054325104,108168.30193360546,82752.25302083255,305.44275749010745,233.6832276540417,3,,All candidates correctly identified the minimal a as 3.
1772818063,math500,20,21,deepseek-r1:8b,deepseek-r1:8b,,0,0,0.1,1145,0,5,0.8015275001525879,79.72629505000077,22.20861751679331,100.4334,28.67331999999997,3,,tools:success
1772818063,math500,21,22,deepseek-r1:8b,deepseek-r1:8b,deepseek-r1:32b,0,0,0.2,419094,1,2092,418.9301085472107,122747.9929424543,92685.59557661321,292.91593260038275,221.15599751433987,3,,All answers are correct and identical.
1772818063,math500,22,23,deepseek-r1:8b,deepseek-r1:8b,deepseek-r1:32b,0,0,0.2,102836,1,513,102.57620668411255,28294.97879075515,20934.806128349388,275.5179746588695,203.7647471345032,5,,All answers are correct and identical.
1772818063,math500,23,24,deepseek-r1:8b,deepseek-r1:8b,deepseek-r1:32b,0,0,0.2,88942,0,444,88.74955821037292,25060.723596898606,18692.601918446133,282.5505743243243,210.79672009008993,5,,All answers are correct and identical.
1772818063,math500,24,25,deepseek-r1:32b,deepseek-r1:32b,deepseek-r1:8b,1,3,0.2,837464,1,4182,837.448052406311,298724.8307375992,238630.19168680045,356.678532042086,284.91928782400834,5,,"Correct and identical, preferring most capable model."
1772818063,math500,25,26,deepseek-r1:32b,deepseek-r1:32b,deepseek-r1:32b,0,0,0.2,156856,0,783,156.6506175994873,49014.823051268235,37773.8038655282,312.62462196679417,240.86608260536397,5,,Correctly identified both integers -2 and 1 satisfying f(n) = n. | override:format_guardrail
1772818063,math500,26,27,deepseek-r1:8b,deepseek-r1:8b,deepseek-r1:32b,0,0,0.2,462687,1,2309,462.36576557159424,143515.0281305923,110336.44743999839,310.3070965786065,238.54879714161953,5,,All answers are correct and identical.
1772818063,math500,27,28,deepseek-r1:8b,deepseek-r1:8b,deepseek-r1:32b,0,0,0.2,47953,1,239,47.68457627296448,12098.919909468386,8677.325461504748,253.10463179916312,181.34986694560664,2,,All answers are correct and identical.
1772818063,math500,28,29,deepseek-r1:32b,deepseek-r1:32b,deepseek-r1:32b,0,0,0.2,43845,1,219,43.67279815673828,11007.364823675249,7873.954350128304,252.19465296803642,180.4471771689497,2,,"All answers are correct, but prefer the largest model."
1772818063,math500,29,30,deepseek-r1:8b,deepseek-r1:8b,deepseek-r1:32b,0,0,0.2,91776,1,458,91.55084824562073,25158.123226976953,18589.486467628973,274.6763973799125,202.92786393013088,2,,All answers are correct and consistent.
1772818063,math500,30,31,deepseek-r1:8b,deepseek-r1:8b,deepseek-r1:32b,0,1,0.2,68977,1,345,68.91583824157715,18708.916388146114,13764.304440277629,271.045608695652,199.2970192463766,3,,All answers are correct and identical.
1772818063,math500,31,32,deepseek-r1:8b,deepseek-r1:8b,deepseek-r1:32b,0,0,0.2,47773,0,238,47.480517864227295,12326.977488236967,8920.34438175452,258.9882983193278,187.24022739495803,4,,"All answers are correct and identical, so pick the first one."
1772818063,math500,32,33,deepseek-r1:8b,deepseek-r1:8b,deepseek-r1:32b,0,0,0.2,165280,1,825,165.0898175239563,42697.22450201213,30851.82517934963,258.7544945454546,187.00324402424238,4,,"All answers are correct and identical, meeting the problem's requirements."
1772818063,math500,33,34,deepseek-r1:14b,deepseek-r1:14b,deepseek-r1:8b,1,3,0.2,799198,1,3990,799.1209740638733,284364.58018258866,227020.37866822025,355.7853671679211,284.02626744862135,4,,Correct answer
1772818063,math500,34,35,deepseek-r1:8b,deepseek-r1:8b,deepseek-r1:32b,0,0,0.2,77822,1,388,77.53622913360596,22220.836887840647,16657.41338501079,286.09972938144307,214.34714247422687,4,,All answers are correct and identical.
1772818063,math500,35,36,deepseek-r1:8b,deepseek-r1:8b,deepseek-r1:32b,0,0,0.2,67442,1,337,67.31518769264221,18480.275548041798,13650.635103638284,274.03403857566735,202.287330207715,2,,"All answers are correct and identical, so pick the first one."
1772818063,math500,36,37,deepseek-r1:32b,deepseek-r1:32b,deepseek-r1:32b,0,0,0.2,110542,0,551,110.1855936050415,32706.63707957603,24800.278603355866,296.47609981851144,224.7211708892923,2,,Correctly identifies all roots | override:format_guardrail
1772818063,math500,37,38,deepseek-r1:8b,deepseek-r1:8b,deepseek-r1:32b,0,1,0.2,67681,1,338,67.51310420036316,18260.51336417254,13416.720663267653,270.74862130177513,199.00261621301772,3,,Correct rotational symmetry of a pentagon is 72 degrees.
1772818063,math500,38,39,deepseek-r1:32b,deepseek-r1:32b,deepseek-r1:32b,0,0,0.2,45025,1,225,44.87488555908203,11025.452252227813,7806.035468759015,245.05864888888874,173.3165077333334,1,,"All answers are correct and complete, with the same result. Prefer the largest model."
1772818063,math500,39,40,deepseek-r1:8b,deepseek-r1:8b,deepseek-r1:32b,0,0,0.2,61793,1,308,61.5067355632782,16891.901048152708,12479.256984536536,274.6520649350648,202.90955740259733,3,,All answers are correct and identical.
1772818063,math500,40,41,deepseek-r1:8b,deepseek-r1:8b,deepseek-r1:32b,0,0,0.2,50207,1,251,50.08256411552429,12568.657716544345,8975.972594435792,251.42014741035845,179.6848017529881,2,,All answers are correct and identical.
1772818063,math500,41,42,deepseek-r1:8b,deepseek-r1:8b,deepseek-r1:32b,0,0,0.2,166190,1,830,166.0877227783203,45489.86096731713,33572.515317889396,273.69803373493954,201.94470472289112,4,,All answers are correct and identical.
1772818063,math500,42,43,deepseek-r1:32b,deepseek-r1:32b,deepseek-r1:32b,0,0,0.2,51023,1,254,50.685776233673096,13017.437155751977,9381.015993319452,256.2161732283465,184.4717004724408,2,,"All answers are correct and the same, preferring the largest model."
1772818063,math500,43,44,deepseek-r1:14b,deepseek-r1:14b,deepseek-r1:32b,0,0,0.2,488585,1,2439,488.37352561950684,155018.89013392339,119973.16686558956,317.34593808938064,245.58585808938102,5,,Correct minimal value found using reflection method. | override:format_guardrail
1772818063,math500,44,45,deepseek-r1:8b,deepseek-r1:8b,deepseek-r1:32b,0,0,0.2,63055,1,315,62.90754222869873,15834.02343210997,11320.434952289332,251.26390476190483,179.5143114920634,5,,All answers are correct and identical.
1772818063,math500,45,46,deepseek-r1:8b,deepseek-r1:8b,deepseek-r1:32b,0,0,0.2,56581,1,283,56.49647760391235,14635.0312039298,10581.510043454356,258.6012190812718,186.85296706713768,3,,"All answers are correct and identical, so the smallest index is chosen."
1772818063,math500,46,47,deepseek-r1:8b,deepseek-r1:8b,deepseek-r1:32b,0,0,0.2,179687,1,897,179.49730348587036,51506.03911138838,38626.086163621396,286.7422151616498,214.98652013377875,2,,All candidates correctly identified n=6 as the smallest integer where all roots are 6th roots of unity.
1772818063,math500,47,48,deepseek-r1:8b,deepseek-r1:8b,deepseek-r1:32b,0,0,0.2,51078,1,254,50.685736656188965,13242.172019456048,9605.469390621409,260.6388267716533,188.88876740157457,5,,All answers are correct and identical.
1772818063,math500,48,49,deepseek-r1:32b,deepseek-r1:32b,deepseek-r1:32b,0,0,0.2,44325,1,222,44.27651047706604,10954.917019640561,7778.431698894128,246.77946396396382,175.03738504504494,2,,"All answers are correct, but prefer the largest model."
1772818063,math500,49,50,deepseek-r1:8b,deepseek-r1:8b,deepseek-r1:32b,0,0,0.2,49756,1,248,49.48228740692139,12735.164727760013,9185.173493330367,256.73912903225784,184.9963927419354,4,,All answers are correct and identical.
1772818063,math500,50,51,deepseek-r1:8b,deepseek-r1:8b,deepseek-r1:32b,0,0,0.2,173187,1,865,173.0910313129425,49121.12693293113,36700.86972508021,283.58154335260105,211.82590178034636,5,,"All candidates agree on the correct answer 203, which satisfies the problem constraints."
1772818063,math500,51,52,deepseek-r1:32b,deepseek-r1:32b,deepseek-r1:32b,0,0,0.2,93697,1,467,93.35296154022217,26651.402514168527,19952.839907335117,285.10293147751605,213.34769781584566,2,,"All answers are correct, complete, and concise. They provide the exact quotient in simplest form. | override:format_guardrail"
1772818063,math500,52,53,deepseek-r1:8b,deepseek-r1:8b,deepseek-r1:32b,0,0,0.2,73741,1,368,73.52131509780884,19273.5646281261,13998.421627243515,261.7290597826089,189.97918717391298,5,,All answers are correct and identical.
1772818063,math500,53,54,deepseek-r1:8b,deepseek-r1:8b,,0,0,0.1,1142,0,6,1.0018377304077148,95.4942493699491,23.60229368880391,102.50350000000002,30.74341999999997,2,,tools:success
1772818063,math500,54,55,deepseek-r1:32b,deepseek-r1:32b,deepseek-r1:32b,0,0,0.2,52226,1,261,52.08545279502869,13000.224634885788,9263.450392428786,249.01077011494246,177.26755693486575,2,,"All answers are correct, complete, and clear. Chose the largest model."
1772818063,math500,55,56,deepseek-r1:8b,deepseek-r1:8b,deepseek-r1:32b,0,0,0.2,63489,1,317,63.305232763290405,16719.01709076902,12177.087444392964,263.5850441640378,191.83848858044155,4,,"All answers are correct and identical, so the smallest index is chosen."
1772818063,math500,56,57,deepseek-r1:8b,deepseek-r1:8b,deepseek-r1:32b,0,0,0.2,39469,1,197,39.26371788978577,9316.864408094902,6500.155842785258,236.59994923857855,164.86163187817255,3,,All answers are correct and identical.
1772818063,math500,57,58,deepseek-r1:8b,deepseek-r1:8b,deepseek-r1:32b,0,0,0.2,54844,1,274,54.692612409591675,14353.090527954511,10429.280152990017,261.84156569343065,190.09853401459853,2,,All answers are correct and identical.
1772818063,math500,58,59,deepseek-r1:8b,deepseek-r1:8b,,0,0,0.1,1133,0,5,0.8014509677886963,76.61600118363276,19.103815618902445,96.14840000000001,24.38831999999997,1,,tools:success
1772818063,math500,59,60,deepseek-r1:8b,deepseek-r1:8b,deepseek-r1:32b,0,1,0.2,56272,1,281,56.09254050254822,14671.954528268427,10647.822664014064,260.9782704626334,189.2372589323843,2,,All answers agree on the correct value of 5.
1772818063,math500,60,61,deepseek-r1:8b,deepseek-r1:8b,deepseek-r1:32b,0,0,0.2,325159,0,1623,324.9182267189026,103288.65734062716,79973.12391326949,317.76382439925965,246.00566511398617,5,,Correct answer from the largest model. | override:format_guardrail
1772818063,math500,61,62,deepseek-r1:8b,deepseek-r1:8b,deepseek-r1:32b,0,0,0.2,304212,1,1519,304.14029264450073,80975.29932536278,59150.98240739014,266.1378051349575,194.38040337063902,3,,"All candidates agree on the answer -256, which satisfies the product of roots condition."
1772818063,math500,62,63,deepseek-r1:8b,deepseek-r1:8b,deepseek-r1:32b,0,0,0.2,122419,1,611,122.18614363670349,35116.89915602142,26349.678581086453,287.1051391162029,215.35214297872352,5,,"All answers are correct and equal to 4, which is the smallest C satisfying the condition."
1772818063,math500,63,64,deepseek-r1:8b,deepseek-r1:8b,,0,0,0.1,1129,0,5,0.801551103591919,78.34734011301771,20.827968794852495,99.2716,27.511519999999972,5,,tools:success
1772818063,math500,64,65,deepseek-r1:32b,deepseek-r1:32b,deepseek-r1:32b,1,1,0.2,808363,1,4035,808.1897382736206,225355.4290946736,167359.66882096557,278.7970448574975,207.03696485749657,4,,Correct coefficient for sin x is negative and matches the expected fraction. | override:format_guardrail
1772818063,math500,65,66,deepseek-r1:32b,deepseek-r1:32b,deepseek-r1:32b,0,0,0.2,38600,1,193,38.46124053001404,8769.802118695807,6010.302391979843,227.3778601036269,155.63024808290146,1,,"All answers are correct, but prefer the largest model."
1772818063,math500,66,67,deepseek-r1:32b,deepseek-r1:32b,deepseek-r1:32b,0,0,0.2,61285,1,306,61.103384017944336,15819.142030420247,11435.16522113001,258.3744673202616,186.62755176470566,3,,All answers are correct and identical. | override:format_guardrail
1772818063,math500,67,68,deepseek-r1:8b,deepseek-r1:8b,deepseek-r1:32b,0,0,0.2,66580,1,332,66.31210589408875,17644.77450867789,12886.973167808726,265.63727710843386,193.8886345783131,4,,Correct calculation of area change
1772818063,math500,68,69,deepseek-r1:8b,deepseek-r1:8b,deepseek-r1:32b,0,0,0.2,145820,1,728,145.64805030822754,42018.6335249329,31567.727001358755,288.28069230769194,216.52616071428585,4,,"All candidates agree on the answer 46, which is correct."
1772818063,math500,69,70,deepseek-r1:8b,deepseek-r1:8b,,0,0,0.1,1136,0,6,1.0017962455749512,97.5874629500322,25.698484223801643,107.35416666666667,35.594086666666634,4,,tools:success
1772818063,math500,70,71,deepseek-r1:8b,deepseek-r1:8b,,0,0,0.1,1132,0,5,0.8014652729034424,69.51428533298895,12.001073232386261,88.5434,16.783319999999968,2,,tools:success
1772818063,math500,71,72,deepseek-r1:32b,deepseek-r1:32b,deepseek-r1:32b,0,0,0.2,254543,0,1271,254.43031311035156,71315.32326328708,53058.037952081766,280.139010228167,208.3815000472067,4,,Correct conversion with proper subscript. | override:format_guardrail
1772818063,math500,72,73,deepseek-r1:8b,deepseek-r1:8b,deepseek-r1:32b,0,0,0.2,74803,1,373,74.52431106567383,19716.105904641096,14368.964906557463,264.1305227882034,192.38020482573722,2,,All answers are correct and equal to 3.
1772818063,math500,73,74,deepseek-r1:8b,deepseek-r1:8b,deepseek-r1:32b,0,0,0.2,59045,1,295,58.90060472488403,15418.551252479665,11192.97196160769,261.5815593220339,189.84064677966091,4,,"All answers are correct and identical, meeting the problem's requirements."
1772818063,math500,74,75,deepseek-r1:8b,deepseek-r1:8b,deepseek-r1:32b,0,0,0.2,76446,1,382,76.32710337638855,21466.312178333756,15989.940089077223,281.37328272251295,209.6245331937171,2,,"All answers are correct and identical, so the first one is chosen."
1772818063,math500,75,76,deepseek-r1:8b,deepseek-r1:8b,deepseek-r1:32b,0,0,0.2,90422,1,451,90.15253520011902,24455.091054122895,17986.411191303283,270.89007095343686,199.13744381374732,4,,"All answers are correct and identical, so choose the first one."
1772818063,math500,76,77,deepseek-r1:8b,deepseek-r1:8b,deepseek-r1:32b,0,1,0.2,88261,1,441,88.15580916404724,23600.552866846323,17275.82152692927,267.33885714285714,195.59390712018129,2,,All answers correctly identify a + b as 0.
1772818063,math500,77,78,deepseek-r1:32b,deepseek-r1:32b,deepseek-r1:32b,0,0,0.2,49590,1,247,49.28047204017639,12614.137263081037,9078.596369398758,255.34510121457475,183.601791417004,1,,"All answers are correct, but the largest model is chosen."
1772818063,math500,78,79,deepseek-r1:8b,deepseek-r1:8b,deepseek-r1:32b,0,0,0.2,101833,1,509,101.76826310157776,29475.030192244798,22173.049035861157,289.26145186640457,217.51037053045192,4,,All answers are correct and identical.
1772818063,math500,79,80,deepseek-r1:8b,deepseek-r1:8b,deepseek-r1:32b,0,0,0.2,38752,1,193,38.46086525917053,9034.049219607376,6275.035627848934,234.20574093264244,162.47000455958553,1,,All answers are correct and identical.
1772818063,math500,80,81,deepseek-r1:8b,deepseek-r1:8b,deepseek-r1:32b,0,0,0.2,417143,1,2082,416.87585711479187,127053.8522943845,97139.03343301779,304.68544236311226,232.92590426512987,5,,"All candidates agree on the correct answer 501, which accounts for all negative integers and k=8."
1772818063,math500,81,82,deepseek-r1:8b,deepseek-r1:8b,deepseek-r1:32b,0,0,0.2,59852,1,299,59.69860601425171,16212.149330656976,11928.508804322686,271.0214448160533,199.26697792642122,3,,"All answers are correct and identical, so the first one is chosen."
1772818063,math500,82,83,deepseek-r1:8b,deepseek-r1:8b,deepseek-r1:32b,0,0,0.2,256968,1,1283,256.840336561203,70673.66082120314,52243.10512314411,275.03499922057676,203.2761929851907,5,,All answers are correct and identical.
1772818063,math500,83,84,deepseek-r1:8b,deepseek-r1:8b,deepseek-r1:32b,0,0,0.2,122626,1,612,122.41404151916504,33655.04562334251,24871.37777126627,274.6436454248368,202.88987464052292,2,,"All answers are correct and identical, meeting all constraints."
1772818063,math500,84,85,deepseek-r1:8b,deepseek-r1:8b,deepseek-r1:32b,0,0,0.2,95967,1,479,95.75256681442261,27970.08617789857,21099.420210680924,291.7090876826719,219.95469728601248,4,,All answers are correct and identical.
1772818063,math500,85,86,deepseek-r1:8b,deepseek-r1:8b,deepseek-r1:32b,0,0,0.2,59716,1,298,59.500431537628174,16038.928071544506,11769.985228981357,269.0080704697986,197.26160563758378,4,,All answers are correct and identical.
1772818063,math500,86,87,deepseek-r1:8b,deepseek-r1:8b,deepseek-r1:32b,0,0,0.2,49964,1,249,49.68449306488037,12952.658189430833,9388.063963255845,260.06390763052184,188.31924257028095,1,,All answers are correct and identical.
1772818063,math500,87,88,deepseek-r1:8b,deepseek-r1:8b,deepseek-r1:32b,0,0,0.2,61347,1,307,61.300182819366455,16269.19031452667,11871.34377947636,265.7052345276874,193.96238358306164,1,,"All candidates correctly answer 1, which is the largest solution."
1772818063,math500,88,89,deepseek-r1:8b,deepseek-r1:8b,deepseek-r1:32b,0,0,0.2,235963,1,1177,235.5970380306244,67793.83470796049,50887.972633536905,287.59830246389106,215.84076812234508,5,,"All answers are correct and the same, so pick the first one."
1772818063,math500,89,90,deepseek-r1:8b,deepseek-r1:8b,deepseek-r1:32b,0,0,0.2,95500,1,477,95.35516119003296,27251.072420024313,20408.89873753907,285.9519790356393,214.19734398322845,4,,All answers are correct and identical.
1772818063,math500,90,91,deepseek-r1:32b,deepseek-r1:32b,deepseek-r1:32b,0,0,0.2,41293,1,206,41.071712255477905,9389.484641593881,6442.982316858135,227.99405825242704,156.25353320388362,3,,"All answers are correct, but prefer the largest model."
1772818063,math500,91,92,deepseek-r1:8b,deepseek-r1:8b,deepseek-r1:32b,0,0,0.2,84199,1,421,84.14323687553406,21222.93316467479,15185.942790616304,251.88074109263647,180.13411790973848,3,,All answers correctly identify x=1 as the smallest integer.
1772818063,math500,92,93,deepseek-r1:32b,deepseek-r1:32b,deepseek-r1:32b,0,0,0.2,108632,1,542,108.3769018650055,30985.778187881224,23209.37871769443,285.5681346863468,213.8148300369002,4,,"All answers are correct and identical, preferring the largest model."
1772818063,math500,93,94,deepseek-r1:8b,deepseek-r1:8b,deepseek-r1:32b,0,0,0.2,67015,1,334,66.71083950996399,18284.373550181277,13497.819319468923,273.5742574850298,201.82345664670632,4,,All answers are correct and identical.
1772818063,math500,94,95,deepseek-r1:32b,deepseek-r1:32b,deepseek-r1:14b,1,1,0.2,1069327,1,5338,1069.1546580791473,359962.6407737415,283240.57286394853,336.6600104908214,264.900450393405,5,,Correctly calculates angle AFD as 80 degrees using geometric properties and angle trisection. | override:format_guardrail
1772818063,math500,95,96,deepseek-r1:8b,deepseek-r1:8b,deepseek-r1:32b,0,0,0.2,70925,1,354,70.71374154090881,19579.6213783361,14505.46090810094,276.5140593220341,204.75769186440658,2,,All answers are correct and identical.
1772818063,math500,96,97,deepseek-r1:32b,deepseek-r1:32b,deepseek-r1:32b,0,0,0.2,339141,0,1693,338.96500062942505,105067.96150643937,80743.83461369248,310.00065032486685,238.24065483756607,5,,"Provides both real roots, correct and complete. | override:format_guardrail"
1772818063,math500,97,98,deepseek-r1:32b,deepseek-r1:32b,deepseek-r1:32b,1,1,0.2,647991,0,3235,647.852301120758,229829.59694270603,183339.66398609523,354.686401854714,282.92632185471444,1,,"Both answers are correct, but prefer the larger model."
1772818063,math500,98,99,deepseek-r1:32b,deepseek-r1:32b,deepseek-r1:32b,0,0,0.2,49677,1,248,49.47985243797302,12892.801254263148,9342.50935162697,259.93321370967703,188.18090887096756,2,,"All answers are correct and identical, choosing the largest model."
1772818063,math500,99,100,deepseek-r1:8b,deepseek-r1:8b,deepseek-r1:32b,0,0,0.2,99004,1,494,98.76305985450745,28812.12500369083,21725.707512424327,291.34554048583004,219.593823319838,3,,"All answers are correct and identical, so the largest model's answer is chosen. | override:format_guardrail"
1772818063,math500,100,101,deepseek-r1:8b,deepseek-r1:8b,deepseek-r1:32b,0,0,0.2,574739,0,2869,574.576329946518,182778.3908776492,141547.25318803824,318.03793482049554,246.27873465318862,5,,"All candidates agree on 145, which is correct using cyclic hexagon properties."
1772818063,math500,101,102,deepseek-r1:8b,deepseek-r1:8b,deepseek-r1:32b,0,0,0.2,548631,1,2738,548.315497636795,182986.05592366774,143639.04245116655,333.64600146092073,261.8861958363779,5,,All answers are correct and identical.
1772818063,math500,102,103,deepseek-r1:8b,deepseek-r1:8b,deepseek-r1:32b,0,0,0.2,42435,1,212,42.270737171173096,10346.226905360818,7313.267536286265,244.99693396226394,173.2460866037735,1,,"All answers are correct and identical, so the first one is chosen."
1772818063,math500,103,104,deepseek-r1:14b,deepseek-r1:14b,deepseek-r1:32b,1,1,0.2,1060649,1,5294,1060.438167333603,318114.1392029105,242017.02531811967,300.0006564034774,228.24058945220918,5,,Correct interval for λ
1772818063,math500,104,105,deepseek-r1:8b,deepseek-r1:8b,,0,0,0.1,1151,0,6,1.0018374919891357,99.6126296883449,27.7206911155954,110.25383333333336,38.49375333333331,4,,tools:success
1772818063,math500,105,106,deepseek-r1:8b,deepseek-r1:8b,deepseek-r1:32b,0,0,0.2,68323,1,341,68.11691451072693,18952.19441474881,14064.409526369534,277.70730205278574,205.95147225806454,3,,All answers are correct and identical.
1772818063,math500,106,107,deepseek-r1:8b,deepseek-r1:8b,deepseek-r1:32b,0,0,0.2,51348,0,256,51.08535599708557,12778.127483880147,9112.992801254615,249.56107812499997,177.81570999999994,2,,All answers correctly identify the horizontal asymptote as 4/3.
1772818063,math500,107,108,deepseek-r1:8b,deepseek-r1:8b,deepseek-r1:32b,0,0,0.2,55113,1,276,55.09326148033142,14130.630765547976,10177.909272789024,255.93904710144895,184.19298971014487,2,,All answers are correct and identical.
1772818063,math500,108,109,deepseek-r1:8b,deepseek-r1:8b,,0,0,0.1,1149,0,5,0.8014757633209229,76.82122643478215,19.307261540554464,96.46760000000002,24.70751999999997,3,,tools:success
1772818063,math500,109,110,deepseek-r1:32b,deepseek-r1:32b,deepseek-r1:32b,0,0,0.2,185876,0,928,185.71605372428894,54239.86652856413,40913.33579454012,291.8555075431034,220.09794504310304,5,,Strictest adherence to output format without degree symbol.
1772818063,math500,110,111,deepseek-r1:8b,deepseek-r1:8b,deepseek-r1:32b,0,0,0.2,911198,1,4548,910.9133207798004,309259.6752863219,243892.46251409966,339.4570958663165,267.69701586631453,4,,All answers are correct and consistent.
1772818063,math500,111,112,deepseek-r1:8b,deepseek-r1:8b,deepseek-r1:32b,0,0,0.2,51186,1,256,51.084765672683716,13470.895994837396,9805.12808352802,264.15684765624985,192.39830734374993,3,,All answers are correct and equal to 210.
1772818063,math500,112,113,deepseek-r1:8b,deepseek-r1:8b,deepseek-r1:32b,0,0,0.2,179100,1,894,178.91666841506958,47797.09557265695,34958.932156541385,266.9683814317678,195.21338782997762,4,,All answers are correct and identical.
1772818063,math500,113,114,deepseek-r1:8b,deepseek-r1:8b,deepseek-r1:32b,0,0,0.2,45628,1,228,45.47761058807373,11054.85507369414,7792.212051498704,242.4580087719297,170.7161889473684,2,,All answers are correct and identical.
1772818063,math500,114,115,deepseek-r1:8b,deepseek-r1:8b,deepseek-r1:32b,0,0,0.2,81470,1,406,81.14578247070312,23043.703539352864,17221.76658211276,283.526911330049,211.78024344827594,3,,"All answers are correct and identical, so the first one is chosen."
1772818063,math500,115,116,deepseek-r1:32b,deepseek-r1:32b,deepseek-r1:32b,0,1,0.2,76621,1,383,76.54323148727417,21449.446051349863,15957.466775903478,279.77786161879874,208.02780574412526,2,,"All answers are correct and same, preferring largest model."
1772818063,math500,116,117,deepseek-r1:8b,deepseek-r1:8b,deepseek-r1:32b,0,0,0.2,52827,1,263,52.48754405975342,13488.99854462035,9723.230622895062,256.4120266159694,184.66603878326978,2,,"All answers are correct and identical, so the first one is chosen."
1772818063,math500,117,118,deepseek-r1:8b,deepseek-r1:8b,deepseek-r1:32b,0,0,0.2,48589,1,243,48.479469299316406,12327.638026627712,8849.962163548917,253.67637448559663,181.9412464197531,2,,All answers are correct and identical.
1772818063,math500,118,119,deepseek-r1:8b,deepseek-r1:8b,deepseek-r1:32b,0,1,0.2,262284,1,1309,262.0546281337738,77056.73245464731,58252.377926606685,293.9061306340716,222.14874447669982,5,,All answers are correct and identical.
1772818063,math500,119,120,deepseek-r1:8b,deepseek-r1:8b,deepseek-r1:32b,0,0,0.2,278640,1,1391,278.4614534378052,86103.62766415067,66121.52603059914,309.1369101365923,237.37795899352955,3,,Correctly identified the minimum value by maximizing the negative impact through parentheses.
1772818063,math500,120,121,deepseek-r1:32b,deepseek-r1:32b,deepseek-r1:32b,0,0,0.2,273106,0,1363,272.83665227890015,87792.27923366614,68213.87910454907,321.61959721203203,249.86090843727072,2,,All candidates correctly identified the function as even. | override:format_guardrail
1772818063,math500,121,122,deepseek-r1:8b,deepseek-r1:8b,deepseek-r1:32b,0,0,0.2,42823,1,214,42.67237186431885,10368.836518194526,7307.036925183609,243.55226168224286,171.800888411215,2,,"All answers are correct and identical, meeting the problem's requirements."
1772818063,math500,122,123,deepseek-r1:8b,deepseek-r1:8b,deepseek-r1:32b,0,0,0.2,59400,1,297,59.2966525554657,16091.338983514346,11836.677052715793,271.1082592592592,199.3560888888887,3,,All answers are correct and identical.
1772818063,math500,123,124,deepseek-r1:8b,deepseek-r1:8b,deepseek-r1:32b,0,0,0.2,446649,1,2229,446.3627963066101,126943.49336600304,94912.91660602111,284.32060385823314,212.56153877074905,4,,All answers are correct and identical.
1772818063,math500,124,125,deepseek-r1:32b,deepseek-r1:32b,deepseek-r1:32b,0,0,0.2,117835,1,588,117.59726619720459,34823.416800741106,26385.210723421536,295.80793707482974,224.05280816326552,4,,"All answers are correct, but prefer the largest model."
1772818063,math500,125,126,deepseek-r1:8b,deepseek-r1:8b,,0,0,0.1,1166,0,6,1.001854419708252,97.34354772325605,25.450394416227937,98.14216666666668,26.382086666666638,4,,tools:success
1772818063,math500,126,127,deepseek-r1:14b,deepseek-r1:14b,deepseek-r1:32b,1,2,0.2,856701,1,4276,856.502516746521,243388.192827316,181926.05980604887,284.12438564078724,212.36495466791337,4,,"Both answers are correct and identical, so either can be chosen."
1772818063,math500,127,128,deepseek-r1:8b,deepseek-r1:8b,deepseek-r1:32b,0,0,0.2,64482,0,322,64.30999088287354,17096.249175005592,12482.078559304588,265.3651614906834,193.61623440993765,3,,Strictly follows output format without extra symbols.
1772818063,math500,128,129,deepseek-r1:8b,deepseek-r1:8b,deepseek-r1:32b,1,1,0.2,700201,1,3495,699.9107434749603,250386.343633065,200161.18177493382,357.6702703862671,285.9108888812599,3,,"Both answers are correct, but 36 is the fewest miles."
1772818063,math500,129,130,deepseek-r1:8b,deepseek-r1:8b,deepseek-r1:32b,0,0,0.2,221525,1,1106,221.38714456558228,66587.11327077542,50700.76102297194,300.7036066907777,228.94536332730527,5,,All answers are correct and identical.
1772818063,math500,130,131,deepseek-r1:8b,deepseek-r1:8b,deepseek-r1:32b,0,0,0.2,169538,1,846,169.2820336818695,49037.277443914674,36890.46138571855,289.4656572104017,217.7107466193849,4,,All answers are correct and identical.
1772818063,math500,131,132,deepseek-r1:8b,deepseek-r1:8b,deepseek-r1:32b,0,0,0.2,62164,1,311,62.10023093223572,16773.775878950022,12318.020700411871,270.41260450160786,198.6615509967845,4,,All answers are correct and identical.
1772818063,math500,132,133,deepseek-r1:8b,deepseek-r1:8b,deepseek-r1:32b,0,1,0.2,66579,1,332,66.3127875328064,17710.045735804364,12952.074479846284,266.565560240964,194.8150984337347,3,,All answers are correct and identical.
1772818063,math500,133,134,deepseek-r1:8b,deepseek-r1:8b,deepseek-r1:32b,0,1,0.2,171357,1,855,171.10832595825195,44841.17483989149,32563.74092113506,261.8748070175439,190.12239171929826,3,,All answers agree and are correct.
1772818063,math500,134,135,deepseek-r1:8b,deepseek-r1:8b,deepseek-r1:32b,0,0,0.2,81515,1,407,81.33499026298523,22961.554316549562,17125.96459400654,281.9242113022111,210.17658909090918,4,,All answers are correct and identical.
1772818063,math500,135,136,deepseek-r1:8b,deepseek-r1:8b,deepseek-r1:32b,0,0,0.2,58427,1,292,58.30000686645508,16089.94962662924,11907.160279084928,275.39662328767145,203.6506263013698,5,,All answers are correct and identical.
1772818063,math500,136,137,deepseek-r1:14b,deepseek-r1:14b,deepseek-r1:8b,2,4,0.2,1731619,1,8643,1731.3286769390106,539606.9803387448,415367.09990485944,311.6539195881077,239.89407287747127,5,,Correct
1772818063,math500,137,138,deepseek-r1:8b,deepseek-r1:8b,deepseek-r1:32b,0,0,0.2,95260,0,476,95.16183423995972,27666.757554270327,20838.52223506011,290.673405462185,218.91946672268915,4,,"Correct base 5 result with subscript, from the largest model. | override:format_guardrail"
1772818063,math500,138,139,deepseek-r1:32b,deepseek-r1:32b,deepseek-r1:32b,0,0,0.2,197420,1,985,197.12404656410217,59912.04584785737,45767.09401339851,303.7296446700507,231.97303902538042,4,,"Correct probability of 1/3, from the largest model."
1772818063,math500,139,140,deepseek-r1:8b,deepseek-r1:8b,deepseek-r1:14b,1,1,0.2,904727,1,4517,904.5457577705383,316714.1774341427,251804.66022099927,350.08833252158604,278.3290909630275,3,,All models agree on the correct maximum value of 1.
1772818063,math500,140,141,deepseek-r1:8b,deepseek-r1:8b,deepseek-r1:32b,0,0,0.2,78442,1,392,78.33306813240051,21571.439390314743,15950.966765294783,274.949548469388,203.19856877550995,4,,All answers are correct and equal to 13.
1772818063,math500,141,142,deepseek-r1:8b,deepseek-r1:8b,deepseek-r1:32b,0,0,0.2,102384,1,511,102.17511129379272,26296.037955118343,18965.352924262173,257.0541585127202,185.30784430528388,1,,All answers are correct and the same.
1772818063,math500,142,143,deepseek-r1:32b,deepseek-r1:32b,deepseek-r1:32b,0,0,0.2,159459,1,796,159.27096462249756,42922.76210335456,31494.855641394854,269.2833655778896,197.53200708542727,5,,Correct and simplest exact form | override:format_guardrail
1772818063,math500,143,144,deepseek-r1:8b,deepseek-r1:8b,deepseek-r1:32b,0,0,0.2,78187,1,390,77.93219232559204,21573.779317095876,15982.09069531411,276.3800025641024,204.6292872820511,3,,"All answers are correct and identical, simplest form."
1772818063,math500,144,145,deepseek-r1:32b,deepseek-r1:32b,deepseek-r1:32b,0,0,0.2,57159,1,285,56.8975830078125,15568.512427631766,11486.694759207778,273.01939298245617,201.2795877894736,1,,Correct formatting and from the largest model.
1772818063,math500,145,146,deepseek-r1:8b,deepseek-r1:8b,deepseek-r1:32b,0,0,0.2,209014,1,1044,208.94700145721436,62014.893571717665,47021.38357941341,296.62013984674303,224.86265873563184,5,,All answers are correct and identical.
1772818063,math500,146,147,deepseek-r1:8b,deepseek-r1:8b,deepseek-r1:32b,0,0,0.2,54039,1,269,53.69503617286682,14128.847425825894,10276.310191106983,262.5245464684012,190.77602498141252,3,,All answers are correct and identical.
1772818063,math500,147,148,deepseek-r1:8b,deepseek-r1:8b,deepseek-r1:32b,0,1,0.2,261447,1,1305,261.2309503555298,80330.48539467528,61584.90493387543,307.3556628352489,235.5970113716474,5,,"All answers are correct and identical, so the first one is chosen."
1772818063,math500,148,149,deepseek-r1:8b,deepseek-r1:8b,deepseek-r1:32b,0,0,0.2,47908,1,240,47.87852072715759,12382.648996852338,8947.321113221347,258.06664583333315,186.31568766666655,1,,"All answers are correct and identical, so the first one is chosen."
1772818063,math500,149,150,deepseek-r1:8b,deepseek-r1:8b,deepseek-r1:32b,0,0,0.2,93886,1,468,93.55624389648438,26191.064016927034,19478.31516089663,279.5680555555557,207.81709162393162,2,,All answers are correct and identical.
1772818063,math500,150,151,deepseek-r1:8b,deepseek-r1:8b,deepseek-r1:32b,0,0,0.2,189633,1,947,189.5119776725769,55532.02706715092,41933.2888043141,292.85356599788787,221.09694559662046,5,,All answers are correct and consistent.
1772818063,math500,151,152,deepseek-r1:8b,deepseek-r1:8b,deepseek-r1:32b,0,0,0.2,174533,1,871,174.2959179878235,45281.792745530605,32775.360016949475,259.6180195177956,187.8639937543053,5,,All answers are correct and identical.
1772818063,math500,152,153,deepseek-r1:8b,deepseek-r1:8b,deepseek-r1:14b,0,3,0.2,417141,1,2082,416.89225339889526,133384.56818401627,103468.87065532617,319.84681075888477,248.08798691642647,5,,All models agree on the correct answer of 8.
1772818063,math500,153,154,deepseek-r1:32b,deepseek-r1:32b,deepseek-r1:32b,0,0,0.2,82458,1,412,82.33980941772461,24077.258756218478,18169.105599977076,292.5340145631065,220.7806972815533,4,,"All answers are correct, but the largest model is chosen."
1772818063,math500,154,155,deepseek-r1:32b,deepseek-r1:32b,deepseek-r1:32b,0,0,0.2,628629,0,3138,628.4479329586029,189464.6958043743,144367.3409079183,301.4201485022314,229.66025787125471,5,,Correct unfolding and calculation yield the shortest path as 2√34.
1772818063,math500,155,156,deepseek-r1:8b,deepseek-r1:8b,deepseek-r1:32b,0,0,0.2,102205,1,510,101.97649812698364,27059.94797695242,19742.624245345592,265.037637254902,193.28262635294126,4,,All answers are correct and identical.
1772818063,math500,156,157,deepseek-r1:8b,deepseek-r1:8b,deepseek-r1:32b,0,0,0.2,263916,0,1317,263.6396737098694,82362.80700762197,63444.72226818651,312.24973424449445,240.49238107820804,3,,All answers are correct and identical.
1772818063,math500,157,158,deepseek-r1:8b,deepseek-r1:8b,,0,0,0.1,1139,0,6,1.0018796920776367,98.47918078117073,26.58421392645687,112.51016666666665,40.75008666666664,2,,tools:success
1772818063,math500,158,159,deepseek-r1:14b,deepseek-r1:14b,deepseek-r1:14b,1,1,0.2,728668,1,3638,728.5667042732239,264890.6701510623,212609.50137617625,363.506069543707,291.74713696536696,4,,Correct sum of multiples of 7 between 100 and 200 is 2107.
1772818063,math500,159,160,deepseek-r1:8b,deepseek-r1:8b,deepseek-r1:32b,0,0,0.2,74745,1,373,74.52770972251892,21165.74019237794,15818.095264827833,283.5089008042895,211.75510316353882,4,,All answers are correct and identical.
1772818063,math500,160,161,deepseek-r1:32b,deepseek-r1:32b,deepseek-r1:32b,0,0,0.2,51602,1,257,51.29055619239807,12948.511045811698,9268.985504969954,251.86117509727626,180.12224420233463,2,,"All answers are correct, but prefer the largest model."
1772818063,math500,161,162,deepseek-r1:8b,deepseek-r1:8b,,0,0,0.1,1132,0,6,1.0019755363464355,95.91300790756941,24.011163260787725,138.93516666666667,67.17508666666664,2,,tools:success
1772818063,math500,162,163,deepseek-r1:8b,deepseek-r1:8b,deepseek-r1:32b,0,0,0.2,96149,1,480,95.96457719802856,25301.7461189162,18416.414398895577,263.3082145833335,191.55951216666674,5,,All answers are correct and identical.
1772818063,math500,163,164,deepseek-r1:8b,deepseek-r1:8b,deepseek-r1:32b,0,0,0.2,266664,1,1331,266.4392821788788,80195.9697956685,61076.76219854504,300.8449338842976,229.08671663410908,5,,All answers are the same and correct.
1772818063,math500,164,165,deepseek-r1:8b,deepseek-r1:8b,deepseek-r1:32b,0,0,0.2,198726,1,992,198.53584623336792,60607.69308941066,46361.62488464173,305.07238911290295,233.31673685483892,2,,"All answers are correct and identical, providing the simplest exact form."
1772818063,math500,165,166,deepseek-r1:8b,deepseek-r1:8b,deepseek-r1:32b,0,0,0.2,44020,1,220,43.872326135635376,10910.095621317625,7762.461526465602,248.08646363636342,176.341076,4,,All answers are correct and identical.
1772818063,math500,166,167,deepseek-r1:8b,deepseek-r1:8b,deepseek-r1:32b,0,0,0.2,616463,0,3077,616.1945381164551,202110.94830512628,157892.98655032832,327.92837699057566,256.1686337601553,5,,All candidates provide the same correct answer.
1772818063,math500,167,168,deepseek-r1:8b,deepseek-r1:8b,deepseek-r1:32b,0,0,0.2,50593,1,252,50.28319692611694,12738.296505136415,9130.321875000373,252.73671825396804,180.98360380952371,1,,All answers are correct and identical.
1772818063,math500,168,169,deepseek-r1:32b,deepseek-r1:32b,deepseek-r1:32b,1,1,0.2,1062195,0,5302,1062.026731967926,319365.5077648312,243154.9130661115,300.72698868351677,228.96740629196483,5,,"Answer_1 provides the correct value of n=11, which satisfies the total number of squares being 70 when considering the formula for squares in a 3×n grid."
1772818063,math500,169,170,deepseek-r1:8b,deepseek-r1:8b,deepseek-r1:32b,0,0,0.2,55221,1,276,55.09187173843384,14774.534745916724,10821.345174223185,267.61734057971006,195.8610150724635,2,,All answers are correct and identical.
1772818063,math500,170,171,deepseek-r1:8b,deepseek-r1:8b,deepseek-r1:32b,0,0,0.2,252560,1,1261,252.39881920814514,79208.29532064311,61096.86750170961,313.6592196669306,241.9020359714512,5,,All answers are correct and identical.
1772818063,math500,171,172,deepseek-r1:8b,deepseek-r1:8b,deepseek-r1:32b,0,0,0.2,41811,1,208,41.47097611427307,9935.54790856503,6960.300023342483,238.92385096153842,167.18087346153834,1,,All answers are correct and identical.
1772818063,math500,172,173,deepseek-r1:8b,deepseek-r1:8b,deepseek-r1:32b,0,0,0.2,59579,1,298,59.50070095062256,15763.627049298957,11494.675712035969,265.2494362416108,193.5031557046978,1,,All answers are correct and identical.
1772818063,math500,173,174,deepseek-r1:8b,deepseek-r1:8b,deepseek-r1:32b,0,0,0.2,365633,1,1825,365.42894077301025,100467.42429395206,74245.08582198992,274.83733698630203,203.07964072328795,5,,"All answers are correct and the same, so the smallest index is chosen."
1772818063,math500,174,175,deepseek-r1:8b,deepseek-r1:8b,deepseek-r1:32b,0,1,0.2,70303,1,351,70.11533308029175,19287.644537134096,14257.093319930136,274.6025470085471,202.85570153846135,3,,All answers correctly identify two y-intercepts.
1772818063,math500,175,176,deepseek-r1:8b,deepseek-r1:8b,deepseek-r1:32b,0,0,0.2,133077,1,664,132.81936287879944,37708.996775161475,28179.196544598788,283.6397439759035,211.88964789156637,2,,"All answers are correct and the same, so the first one is chosen."
1772818063,math500,176,177,deepseek-r1:32b,deepseek-r1:32b,deepseek-r1:32b,0,0,0.2,179496,0,896,179.3003375530243,47283.22465717606,34417.88085937314,263.53103459821426,191.7779918749997,3,,"All answers are correct, complete, and concise. Selected the largest model."
1772818063,math500,177,178,deepseek-r1:8b,deepseek-r1:8b,deepseek-r1:32b,0,1,0.2,367228,0,1833,367.0290858745575,104207.95553062297,77870.67141519114,283.8262760501908,212.06824532460422,3,,All answers are correct and identical.
1772818063,math500,178,179,deepseek-r1:32b,deepseek-r1:32b,deepseek-r1:32b,0,0,0.2,47088,1,235,46.880513191223145,11194.050940932706,7830.5579393692315,238.19355744680837,166.44741889361688,2,,"All answers are correct and identical, choosing the largest model."
1772818063,math500,179,180,deepseek-r1:8b,deepseek-r1:8b,deepseek-r1:32b,0,0,0.2,119308,1,596,119.18117880821228,34859.3594300244,26307.68401026167,292.17826174496633,220.42467711409392,4,,All answers are identical and correct.
1772818063,math500,180,181,deepseek-r1:8b,deepseek-r1:8b,deepseek-r1:32b,0,1,0.2,71674,1,358,71.5208101272583,19923.783416621387,14792.303224472329,278.08329888268145,206.33519441340772,3,,All answers are correct and identical.
1772818063,math500,181,182,deepseek-r1:32b,deepseek-r1:32b,deepseek-r1:32b,0,0,0.2,63541,1,317,63.30919814109802,16968.025606606156,12425.91619204916,267.4939558359622,195.74905034700305,3,,"All answers are correct and identical, so the largest model's answer is chosen."
1772818063,math500,182,183,deepseek-r1:8b,deepseek-r1:8b,deepseek-r1:32b,0,0,0.2,41066,1,205,40.86949276924133,9807.529086139053,6875.920139966533,239.2820731707316,167.5509459512194,2,,All answers are correct and identical.
1772818063,math500,183,184,deepseek-r1:8b,deepseek-r1:8b,deepseek-r1:32b,0,0,0.2,215590,1,1076,215.37305665016174,57891.76592408307,42437.86891185492,268.6392843866175,196.8851916728622,4,,All answers are correct and identical.
1772818063,math500,184,185,deepseek-r1:14b,deepseek-r1:14b,deepseek-r1:32b,0,0,0.2,319189,1,1593,318.9359452724457,100052.15898206644,77165.80391881801,313.57444318895136,241.81597355932237,5,,"Correct interval (2,∞) from a larger model."
1772818063,math500,185,186,deepseek-r1:8b,deepseek-r1:8b,deepseek-r1:32b,0,0,0.2,41694,1,208,41.46974039077759,9954.80171840638,6979.30767999962,239.38833173076924,167.6373201923076,1,,"All answers are correct, simplest form."
1772818063,math500,186,187,deepseek-r1:8b,deepseek-r1:8b,deepseek-r1:32b,0,1,0.2,88221,1,441,88.14167737960815,24615.598778750747,18291.421129778028,278.8963922902495,207.14622911564626,4,,"All candidates agree on the correct answer of 7, which is the number of divisors of 24 greater than 1."
1772818063,math500,187,188,deepseek-r1:8b,deepseek-r1:8b,deepseek-r1:32b,0,0,0.2,47653,1,237,47.278324365615845,12031.031891468912,8639.316266719252,253.82891561181427,182.0894951898733,1,,All answers are correct and consistent.
1772818063,math500,188,189,deepseek-r1:8b,deepseek-r1:8b,deepseek-r1:32b,0,0,0.2,154679,1,773,154.66766500473022,42472.94117579423,31375.316678248346,274.48953040103464,202.73810023285895,5,,All candidates correctly identified the largest x-value as 6.
1772818063,math500,189,190,deepseek-r1:32b,deepseek-r1:32b,deepseek-r1:32b,0,1,0.2,326398,1,1629,326.1413080692291,103280.20155369677,79876.99470225535,316.54326887661193,244.78539344383003,5,,"All answers are correct, but the largest model is preferred."
1772818063,math500,190,191,deepseek-r1:8b,deepseek-r1:8b,deepseek-r1:32b,0,0,0.2,91009,1,454,90.74798464775085,24995.342986553907,18484.17126966268,275.0601497797355,203.310085726872,5,,"All answers are correct and identical, so the first is chosen."
1772818063,math500,191,192,deepseek-r1:8b,deepseek-r1:8b,deepseek-r1:32b,0,0,0.2,50058,1,250,49.88235664367676,12941.295995904133,9363.017572300509,258.809176,187.07472528000005,2,,All answers are correct and meet the requirements.
1772818063,math500,192,193,deepseek-r1:8b,deepseek-r1:8b,deepseek-r1:32b,0,1,0.2,108448,1,541,108.19250202178955,30511.539547074586,22748.934568500146,281.67381700554523,209.92570972273575,3,,All answers are correct and identical.
1772818063,math500,193,194,deepseek-r1:32b,deepseek-r1:32b,deepseek-r1:32b,0,0,0.2,94971,1,474,94.76204299926758,23948.77584912628,17150.653871031478,252.44881012658223,180.7098932489451,3,,"All answers are correct, but prefer the largest model."
1772818063,math500,194,195,deepseek-r1:8b,deepseek-r1:8b,deepseek-r1:32b,0,0,0.2,210802,1,1053,210.75552368164062,61437.94536098093,46315.17115196958,291.33365716999043,219.57859734093037,5,,"All answers are correct and identical, so the first one is chosen."
1772818063,math500,195,196,deepseek-r1:8b,deepseek-r1:8b,deepseek-r1:32b,0,0,0.2,78242,1,390,77.93066120147705,20864.505900915712,15273.274699676782,267.31156923076935,195.56530523076916,4,,All answers are correct and identical.
1772818063,math500,196,197,deepseek-r1:8b,deepseek-r1:8b,deepseek-r1:32b,0,0,0.2,74190,1,370,73.91943430900574,20972.308576861396,15668.769816918299,283.2197864864864,211.47219362162153,1,,All answers are correct and identical.
1772818063,math500,197,198,deepseek-r1:8b,deepseek-r1:8b,deepseek-r1:32b,0,0,0.2,140347,1,701,140.23630094528198,39797.96081222221,29735.196882545948,283.90064479315276,212.14486756062772,5,,All answers are correct and identical.
1772818063,math500,198,199,deepseek-r1:8b,deepseek-r1:8b,deepseek-r1:32b,0,0,0.2,66091,0,330,65.91238903999329,16445.97705593519,11716.913927486166,249.10941212121185,177.3616631515149,3,,All answers are correct and identical.
1772818063,math500,199,200,deepseek-r1:8b,deepseek-r1:8b,deepseek-r1:32b,0,0,0.2,50175,1,250,49.88429117202759,12823.30534883961,9245.009675716981,256.43799999999993,184.70597328,2,,All answers are correct and identical.
1772818063,math500,200,201,deepseek-r1:8b,deepseek-r1:8b,deepseek-r1:32b,0,0,0.2,89931,1,449,89.75837969779968,22691.10798363574,16251.167087148875,252.73977728285084,180.99223456570152,4,,All answers are correct and identical.
1772818063,math500,201,202,deepseek-r1:8b,deepseek-r1:8b,deepseek-r1:32b,0,0,0.2,88872,1,444,88.75432324409485,25001.56193647161,18634.01332785003,281.8624639639642,210.11889369369368,4,,All candidates agree on the correct answer 66.
1772818063,math500,202,203,deepseek-r1:8b,deepseek-r1:8b,deepseek-r1:32b,0,0,0.2,101712,1,508,101.57695531845093,27516.05980878696,20227.75099263154,270.5553070866143,198.8036940944881,5,,"All answers are correct and identical, choosing the first one."
1772818063,math500,203,204,deepseek-r1:8b,deepseek-r1:8b,deepseek-r1:32b,0,0,0.2,82978,1,414,82.7375922203064,23331.773798588663,17395.384542025626,281.5586594202899,209.80903410628022,3,,All answers are correct and identical.
1772818063,math500,204,205,,,,3,3,0.2,1800259,0,8986,1799.9451372623444,589570.7483749986,460406.5733949896,327.5287979078577,255.7687357222326,5,,all_drafts_failed
1772818063,math500,205,206,deepseek-r1:8b,deepseek-r1:8b,deepseek-r1:32b,0,0,0.2,108846,1,544,108.77849674224854,30425.119441580027,22619.828649282455,279.9039393382356,208.14994066176482,3,,All answers are identical and correct.
1772818063,math500,206,207,deepseek-r1:8b,deepseek-r1:8b,deepseek-r1:32b,0,0,0.2,70603,1,352,70.32336020469666,19535.173089880496,14489.50905819051,277.2846079545456,205.53510556818162,2,,All answers are correct and identical.
1772818063,math500,207,208,deepseek-r1:8b,deepseek-r1:8b,deepseek-r1:32b,0,0,0.2,50455,1,252,50.28603410720825,12894.205648053437,9286.712401894853,255.88467063492058,184.14512365079358,2,,All answers are correct and identical.
1772818063,math500,208,209,deepseek-r1:8b,deepseek-r1:8b,deepseek-r1:32b,0,0,0.2,70014,1,349,69.71400141716003,19110.02904652618,14108.347778284922,273.61981948424045,201.87405822349547,3,,All candidates correctly identified the number as 1.
1772818063,math500,209,210,deepseek-r1:8b,deepseek-r1:8b,deepseek-r1:32b,0,1,0.2,69189,1,346,69.11563968658447,19056.747682904825,14098.035738611594,275.3287427745664,203.58355098265872,2,,All answers are correct and identical.
1772818063,math500,210,211,deepseek-r1:14b,deepseek-r1:14b,deepseek-r1:32b,0,0,0.2,177470,0,886,177.30822491645813,47725.87780451216,35002.78132514842,268.9791907449207,197.22224306997728,4,,Correct total shaded area of 10 | override:format_guardrail
1772818063,math500,211,212,deepseek-r1:8b,deepseek-r1:8b,deepseek-r1:32b,0,1,0.2,82931,1,414,82.74526739120483,22917.517323264852,16980.54794835113,276.540541062802,204.7905630917873,2,,All answers are correct and identical.
1772818063,math500,212,213,deepseek-r1:8b,deepseek-r1:8b,deepseek-r1:32b,0,0,0.2,58522,1,292,58.29663348197937,15770.302323937416,11587.749384900555,269.9317534246574,198.18566054794505,3,,All answers are correct and identical.
1772818063,math500,213,214,deepseek-r1:8b,deepseek-r1:8b,,0,0,0.1,1142,0,5,0.8014657497406006,76.5936459954828,19.080399677157402,96.1,24.33991999999997,4,,tools:success
1772818063,math500,214,215,deepseek-r1:8b,deepseek-r1:8b,deepseek-r1:32b,0,0,0.2,97521,1,487,97.35855627059937,28272.06716798432,21286.59229215607,289.99721149897323,218.24720607802854,5,,"All candidates agree on the answer 110, which is correct based on inclusion-exclusion principles."
1772818063,math500,215,216,deepseek-r1:8b,deepseek-r1:8b,deepseek-r1:32b,0,0,0.2,61608,1,308,61.49980902671814,16531.78965854086,12119.392325755209,268.3328051948053,196.58623896103873,4,,All answers are correct and identical.
1772818063,math500,216,217,deepseek-r1:8b,deepseek-r1:8b,deepseek-r1:32b,0,0,0.2,52607,1,262,52.28891205787659,12652.742202470079,8901.388475377113,241.45366793893137,169.7107873282442,4,,All answers are correct and equal to 6.
1772818063,math500,217,218,deepseek-r1:8b,deepseek-r1:8b,deepseek-r1:32b,0,0,0.2,298949,0,1493,298.90260553359985,85744.23822729848,64296.13802740723,286.7466235766915,214.99047078365692,4,,All answers are the same and correct.
1772818063,math500,218,219,deepseek-r1:32b,deepseek-r1:32b,deepseek-r1:32b,0,0,0.2,40119,1,200,39.868104696273804,9713.673521988094,6853.416497448459,242.92817499999987,171.18510119999996,2,,Correct midpoint with proper formatting.
1772818063,math500,219,220,deepseek-r1:14b,deepseek-r1:14b,deepseek-r1:32b,0,0,0.2,371088,1,1852,370.79894495010376,121024.5491039753,94416.27689857967,326.27078455723534,254.51148546436232,4,,"Correct probability of 1/2, from a larger model."
1772818063,math500,220,221,deepseek-r1:14b,deepseek-r1:14b,deepseek-r1:32b,0,0,0.2,59379,0,297,59.30101943016052,15046.428640095517,10791.687422046438,253.23623232323249,181.4879948821549,5,,Correct calculation of milk after 3 miles using (2/3)^3 * 2 = 16/27. | override:format_guardrail
1772818063,math500,221,222,deepseek-r1:8b,deepseek-r1:8b,deepseek-r1:32b,0,0,0.2,119598,1,597,119.40430331230164,33069.88755688444,24502.466430339962,276.6655477386934,204.9141733333332,3,,All answers are correct and identical.
1772818063,math500,222,223,deepseek-r1:8b,deepseek-r1:8b,deepseek-r1:32b,0,0,0.2,413724,1,2065,413.50073194503784,126835.24868697114,97162.95906827785,306.6384910411617,234.87975498305033,4,,All answers are correct and identical.
1772818063,math500,223,224,deepseek-r1:8b,deepseek-r1:8b,deepseek-r1:32b,0,0,0.2,144422,1,721,144.24680948257446,41019.77244127169,30668.863725150004,284.1261761442441,212.36785375866836,3,,"All answers agree on 14, which is correct."
1772818063,math500,224,225,deepseek-r1:32b,deepseek-r1:32b,deepseek-r1:32b,0,0,0.2,180441,1,900,180.09665179252625,54220.28003902547,41297.290844338015,300.8468611111107,229.09100146666668,4,,"All answers are correct, but prefer the largest model."
1772818063,math500,225,226,deepseek-r1:8b,deepseek-r1:8b,deepseek-r1:32b,0,0,0.2,58670,1,293,58.498204469680786,15370.38839060627,11173.173355910927,262.2172866894197,190.46778430034104,3,,All answers are correct and identical.
1772818063,math500,226,227,deepseek-r1:8b,deepseek-r1:8b,deepseek-r1:32b,0,1,0.2,142054,1,709,141.838458776474,40200.867822540924,30023.923438262194,283.3569957686884,211.60673568406193,3,,"All answers are correct and identical, so the first one is chosen."
1772818063,math500,227,228,deepseek-r1:32b,deepseek-r1:32b,deepseek-r1:8b,1,3,0.2,740614,0,3697,740.382673740387,266868.2137648985,213739.3008358255,360.44865187990314,288.6899314254823,3,,Correct answer from larger model.
1772818063,math500,228,229,deepseek-r1:14b,deepseek-r1:14b,deepseek-r1:32b,1,1,0.2,697246,1,3481,697.2076163291931,188330.20248878747,138299.4294736106,270.1195532892851,198.36076582591258,4,,"Both answers are correct and identical, so either can be chosen."
1772818063,math500,229,230,deepseek-r1:8b,deepseek-r1:8b,deepseek-r1:32b,0,0,0.2,57882,1,289,57.690033197402954,15286.415524866432,11147.364241242409,264.4106124567472,192.66418062283725,4,,All answers are correct and identical.
1772818063,math500,230,231,deepseek-r1:8b,deepseek-r1:8b,deepseek-r1:32b,0,1,0.2,212443,1,1060,212.15274381637573,60203.2943585366,44980.18621046096,283.6045650943399,211.8491466415093,4,,All answers are the same and correct.
1772818063,math500,231,232,deepseek-r1:8b,deepseek-r1:8b,deepseek-r1:32b,0,0,0.2,77673,1,388,77.52846002578735,22458.203912289813,16895.484528902918,289.19872680412385,217.44802649484538,4,,All answers are correct and identical.
1772818063,math500,232,233,deepseek-r1:8b,deepseek-r1:8b,,0,0,0.1,1140,0,5,0.8015110492706299,77.5652772989124,20.04878027923405,97.306,25.54591999999997,5,,tools:success
1772818063,math500,233,234,deepseek-r1:8b,deepseek-r1:8b,deepseek-r1:32b,0,0,0.2,225704,0,1127,225.59328985214233,58268.6683638338,42081.38282192126,258.1490603371784,186.39476944099374,2,,All answers are correct and identical.
1772818063,math500,234,235,deepseek-r1:8b,deepseek-r1:8b,,0,0,0.1,1153,0,6,1.0018064975738525,95.28641638346016,23.39670197106898,95.61733333333335,23.857253333333308,3,,tools:success
1772818063,math500,235,236,deepseek-r1:8b,deepseek-r1:8b,,0,0,0.1,1116,0,5,0.8014893531799316,70.80850863270462,13.293568527325988,89.5592,17.799119999999974,4,,tools:success
1772818063,math500,236,237,deepseek-r1:8b,deepseek-r1:8b,,0,0,0.1,1117,0,6,1.0018408298492432,76.1465439517051,4.254365853965282,76.03250000000001,4.272419999999973,4,,tools:success
1772818063,math500,237,238,deepseek-r1:8b,deepseek-r1:8b,deepseek-r1:32b,0,0,0.2,68229,1,341,68.11932635307312,18184.268932186067,13297.188185838982,266.3908504398826,194.6478620527858,1,,All answers are correct and consistent.
1772818063,math500,238,239,deepseek-r1:8b,deepseek-r1:8b,deepseek-r1:32b,0,0,0.2,108804,1,543,108.589670419693,29111.267868425697,21319.987281756476,267.77879742173104,196.02904014732974,5,,All candidates correctly identified x = -4 as the value excluded from the domain.
1772818063,math500,239,240,deepseek-r1:8b,deepseek-r1:8b,deepseek-r1:14b,2,2,0.2,1687903,1,8426,1687.7060244083405,581477.0120067205,460367.09267883934,344.5112355803475,272.75115558034423,5,,Correct calculation leads to sum 16.
1772818063,math500,240,241,deepseek-r1:14b,deepseek-r1:14b,deepseek-r1:14b,2,3,0.2,1493974,0,7457,1493.598515510559,536795.2401166633,429615.1596056055,359.3656703768268,287.60603778463184,4,,Correct calculation leads to 64 degrees.
1772818063,math500,241,242,deepseek-r1:8b,deepseek-r1:8b,deepseek-r1:32b,0,0,0.2,123561,1,617,123.40563941001892,35363.8949045185,26508.818638801575,286.66109076175024,214.90523643435986,5,,All answers are correct and identical.
1772818063,math500,242,243,deepseek-r1:14b,deepseek-r1:14b,deepseek-r1:32b,0,0,0.2,439465,0,2194,439.3438868522644,136003.12093421444,104475.76846618764,309.58786554238947,237.82778554238902,5,,Correct answer from the largest correct model
1772818063,math500,243,244,deepseek-r1:8b,deepseek-r1:8b,deepseek-r1:32b,0,0,0.2,54874,1,274,54.69417905807495,14006.313291886821,10082.048362625763,255.55503649635017,183.80577153284665,2,,"All answers are correct, but Answer_0 is chosen as the winner."
1772818063,math500,244,245,deepseek-r1:8b,deepseek-r1:8b,deepseek-r1:32b,0,0,0.2,126663,1,632,126.42804408073425,34882.62495812401,25810.863620672375,275.6341344936708,203.8797827215191,5,,All candidates agree on the correct answer of 8 sides.
1772818063,math500,245,246,deepseek-r1:8b,deepseek-r1:8b,deepseek-r1:32b,0,0,0.2,139349,1,695,139.04227685928345,42005.372093912214,32028.12138529122,301.81693381294957,230.05997214388506,4,,All answers are correct and identical.
1772818063,math500,246,247,deepseek-r1:8b,deepseek-r1:8b,deepseek-r1:32b,0,0,0.2,60374,1,302,60.30499720573425,15362.64715003036,11035.865796007216,255.11202649006634,183.36368264900668,2,,All answers are correct and identical.
1772818063,math500,247,248,deepseek-r1:8b,deepseek-r1:8b,,0,0,0.1,1156,0,6,1.001945972442627,95.99328476935625,24.093561632558703,96.28883333333334,24.528753333333302,3,,tools:success
1772818063,math500,248,249,deepseek-r1:8b,deepseek-r1:8b,,0,0,0.1,1110,0,5,0.8014616966247559,68.69274651817977,11.179791051894426,87.5452,15.785119999999973,4,,tools:success
1772818063,math500,249,250,deepseek-r1:8b,deepseek-r1:8b,deepseek-r1:32b,0,0,0.2,84504,1,422,84.33868360519409,24259.39990768023,18208.005636092275,287.1481255924168,215.39699184834095,4,,All candidates correctly identified t=17 as the unique odd integer satisfying the conditions.
1772818063,math500,250,251,deepseek-r1:8b,deepseek-r1:8b,deepseek-r1:32b,0,0,0.2,65165,1,325,64.90627527236938,17669.514143152162,13012.505335951224,271.9509107692306,200.20113021538447,4,,All answers are correct and identical.
1772818063,math500,251,252,deepseek-r1:8b,deepseek-r1:8b,deepseek-r1:32b,0,0,0.2,91361,1,456,91.15712523460388,24386.162933431566,17845.772592986003,267.201701754386,195.45313999999996,5,,All answers are correct and identical.
1772818063,math500,252,253,deepseek-r1:8b,deepseek-r1:8b,deepseek-r1:32b,0,0,0.2,87019,1,435,86.94907522201538,24582.225979814306,18343.600155225024,282.3093885057471,210.55902648275844,5,,All answers are correct and identical.
1772818063,math500,253,254,deepseek-r1:8b,deepseek-r1:8b,deepseek-r1:32b,0,0,0.2,38439,1,191,38.0672242641449,8556.81240496412,5826.137848611921,224.1383350785339,152.4052410471204,3,,All answers are correct and identical.
1772818063,math500,254,255,deepseek-r1:8b,deepseek-r1:8b,deepseek-r1:32b,0,0,0.2,65341,1,327,65.31043982505798,17536.787385035306,12851.082520537078,268.8005535168193,197.055397798165,5,,All answers are correct and identical.
1772818063,math500,255,256,deepseek-r1:8b,deepseek-r1:8b,deepseek-r1:32b,0,0,0.2,63387,0,316,63.10447025299072,17096.651961907744,12569.398608587682,270.39203481012646,198.64978177215173,2,,All candidates correctly identified the hyperbola.
1772818063,math500,256,257,deepseek-r1:8b,deepseek-r1:8b,deepseek-r1:32b,0,0,0.2,58224,1,291,58.10073161125183,14353.157478580251,10184.80398807861,246.5843298969072,174.84071120274913,3,,All answers are correct and identical.
1772818063,math500,257,258,deepseek-r1:8b,deepseek-r1:8b,deepseek-r1:32b,0,0,0.2,57147,0,285,56.89536380767822,15037.887487171218,10956.404367757961,263.7306666666664,191.99392814035062,4,,All answers are correct and identical.
1772818063,math500,258,259,deepseek-r1:8b,deepseek-r1:8b,deepseek-r1:32b,0,0,0.2,50117,1,250,49.88011431694031,12686.466042278334,9108.024672655389,253.73119999999975,181.99028095999995,3,,All answers are correct and identical.
1772818063,math500,259,260,deepseek-r1:8b,deepseek-r1:8b,,0,0,0.1,1140,0,6,1.0017633438110352,95.64819987118244,23.761582178995013,96.212,24.45191999999997,1,,tools:success
1772818063,math500,260,261,deepseek-r1:8b,deepseek-r1:8b,,0,0,0.1,1118,0,5,0.8015551567077637,68.61135206185281,11.091689892113209,87.3212,15.561119999999969,3,,tools:success
1772818063,math500,261,262,deepseek-r1:8b,deepseek-r1:8b,deepseek-r1:32b,0,0,0.2,69110,0,345,68.91597747802734,17349.904610179365,12405.724729621783,251.25137971014465,179.50918736231867,3,,All answers are correct and identical.
1772818063,math500,262,263,deepseek-r1:8b,deepseek-r1:8b,deepseek-r1:32b,0,0,0.2,53464,1,267,53.285658836364746,14366.882737863809,10544.213031306863,269.9609850187266,198.2217223970037,1,,"All answers are correct and identical, so the first one is chosen."
1772818063,math500,263,264,deepseek-r1:8b,deepseek-r1:8b,deepseek-r1:32b,0,0,0.2,55020,1,275,54.895922899246216,13896.551876498386,9958.65328652598,252.73833090909073,181.00434298181798,4,,All candidates agree on the correct answer 15.
1772818063,math500,264,265,deepseek-r1:8b,deepseek-r1:8b,deepseek-r1:14b,2,2,0.2,1777110,0,8871,1776.9730052947998,625155.3125918247,497639.6984099839,351.7826531394429,280.0226355044522,5,,Correct calculation considering scaling factor leads to BH=1
1772818063,math500,265,266,deepseek-r1:8b,deepseek-r1:8b,deepseek-r1:32b,0,1,0.2,56032,1,279,55.690906286239624,15528.775349520147,11532.699217293411,278.2047383512544,206.4501645878134,2,,All answers are correct and identical.
1772818063,math500,266,267,deepseek-r1:8b,deepseek-r1:8b,deepseek-r1:32b,0,0,0.2,60160,1,301,60.09924054145813,16142.927422678098,11831.127719786018,268.2082093023254,196.4634958139532,3,,All answers are correct and identical.
1772818063,math500,267,268,deepseek-r1:8b,deepseek-r1:8b,deepseek-r1:32b,0,0,0.2,118861,0,593,118.60388231277466,31862.958152042702,23352.724165050313,268.3658701517705,196.6124416188871,1,,All answers are correct and identical.
1772818063,math500,268,269,deepseek-r1:8b,deepseek-r1:8b,deepseek-r1:32b,0,0,0.2,35776,1,178,35.46417737007141,7743.446041287854,5199.5639366060495,217.68841011235952,145.9572191011236,1,,All answers are correct and identical.
1772818063,math500,269,270,deepseek-r1:8b,deepseek-r1:8b,deepseek-r1:32b,0,0,0.2,49247,1,246,49.08325791358948,12379.348125260323,8858.286931646988,251.97092276422757,180.23432747967468,3,,All answers are correct and identical.
1772818063,math500,270,271,deepseek-r1:8b,deepseek-r1:8b,deepseek-r1:32b,0,0,0.2,46434,1,232,46.27967143058777,11099.441968409345,7779.565605649725,239.25626293103437,167.5210675862069,1,,All answers are correct and identical.
1772818063,math500,271,272,deepseek-r1:8b,deepseek-r1:8b,,0,0,0.1,1140,0,6,1.0017478466033936,94.37168218009174,22.486176567152143,94.84383333333335,23.083753333333306,4,,tools:success
1772818063,math500,272,273,deepseek-r1:8b,deepseek-r1:8b,deepseek-r1:32b,0,0,0.2,91874,1,458,91.54928803443909,26301.492773663253,19733.15823621489,286.8775720524016,215.13111283842787,4,,All answers are correct and identical.
1772818063,math500,273,274,deepseek-r1:8b,deepseek-r1:8b,deepseek-r1:32b,0,1,0.2,100619,1,503,100.56776928901672,28890.08260866627,21674.459962438792,287.10137972166996,215.3524991650101,4,,All answers are correct and identical.
1772818063,math500,274,275,deepseek-r1:32b,deepseek-r1:32b,deepseek-r1:32b,0,0,0.2,169458,1,846,169.28081965446472,49435.65509377234,37288.787840310484,291.810234042553,220.05450784869964,5,,Correct perimeter calculation with simplest form.
1772818063,math500,275,276,deepseek-r1:8b,deepseek-r1:8b,deepseek-r1:32b,0,0,0.2,39046,1,194,38.66527700424194,8883.094785654917,6109.26377488859,229.08669587628876,157.34700412371134,2,,All answers are correct and identical.
1772818063,math500,276,277,deepseek-r1:8b,deepseek-r1:8b,deepseek-r1:32b,0,0,0.2,157881,1,788,157.67824959754944,42443.37254280038,31129.448066554964,269.2891078680205,197.5358657360407,5,,All candidates agree on the correct answer of 11.
1772818063,math500,277,278,deepseek-r1:32b,deepseek-r1:32b,deepseek-r1:32b,0,0,0.2,56100,1,280,55.89192485809326,15359.473203742877,11349.678360844031,274.1981392857141,202.45613899999995,4,,"All answers are correct, complete, and clear. Answer_2 comes from the largest model."
1772818063,math500,278,279,deepseek-r1:8b,deepseek-r1:8b,deepseek-r1:32b,0,0,0.2,58503,1,293,58.492732524871826,15043.930350206792,10847.329511033371,257.3560682593857,185.61033720136507,3,,All answers are correct and identical.
1772818063,math500,279,280,deepseek-r1:32b,deepseek-r1:32b,deepseek-r1:32b,0,0,0.2,95147,1,475,94.95797395706177,26611.587270077318,19797.99971943535,279.8719915789472,208.11826155789473,5,,"All answers are correct and identical, choosing the largest model."
1772818063,math500,280,281,deepseek-r1:8b,deepseek-r1:8b,deepseek-r1:32b,0,0,0.2,75711,1,377,75.32867646217346,19576.30933249928,14171.769408430904,259.4527082228114,187.70655724137907,4,,All answers are correct and identical.
1772818063,math500,281,282,deepseek-r1:8b,deepseek-r1:8b,deepseek-r1:32b,0,0,0.2,158306,1,791,158.27364802360535,43403.9641889669,32047.2126164902,274.03353350189593,202.27962573957,4,,All answers are correct and identical.
1772818063,math500,282,283,deepseek-r1:8b,deepseek-r1:8b,deepseek-r1:32b,0,0,0.2,115255,1,575,114.99328756332397,30445.68166062981,22195.034738516435,264.47563130434787,192.72666852173919,4,,All candidates agree on the correct answer 129.
1772818063,math500,283,284,deepseek-r1:8b,deepseek-r1:8b,deepseek-r1:32b,0,1,0.2,77155,1,385,76.92973732948303,21630.429630964994,16110.881338143721,280.7092155844153,208.96126867532462,3,,"All answers are correct and identical, so the first one is chosen."
1772818063,math500,284,285,deepseek-r1:32b,deepseek-r1:32b,deepseek-r1:32b,0,0,0.2,275668,0,1376,275.4729497432709,80556.57638958097,60789.344939276576,292.29211409883686,220.5346803488365,5,,"Includes all four solutions, correct and complete. | override:format_guardrail"
1772818063,math500,285,286,deepseek-r1:8b,deepseek-r1:8b,deepseek-r1:32b,0,0,0.2,320295,1,1599,320.14066648483276,97666.95456324518,74694.0716384463,304.95082926829275,233.19211277048117,4,,All candidates agree on the correct sum of c values.
1772818063,math500,286,287,deepseek-r1:8b,deepseek-r1:8b,,0,0,0.1,1146,0,6,1.0017616748809814,97.7171921133995,25.830694179981947,97.98216666666667,26.222086666666637,5,,tools:success
1772818063,math500,287,288,deepseek-r1:8b,deepseek-r1:8b,deepseek-r1:32b,0,0,0.2,123296,1,615,123.01555275917053,34387.49763274193,25560.80266216211,279.24292357723584,207.49023759349586,5,,All answers are correct and identical.
1772818063,math500,288,289,deepseek-r1:8b,deepseek-r1:8b,deepseek-r1:32b,0,0,0.2,144740,1,722,144.4427571296692,43125.33995407447,32760.960823271424,298.2948296398894,226.5405894182827,5,,All answers are correct and identical.
1772818063,math500,289,290,deepseek-r1:8b,deepseek-r1:8b,deepseek-r1:32b,0,0,0.2,92992,1,465,92.95653820037842,25655.20352417603,18985.454238286242,275.64108817204294,203.88980455913972,3,,"All answers are correct and equal, so the first one is chosen."
1772818063,math500,290,291,deepseek-r1:8b,deepseek-r1:8b,deepseek-r1:32b,0,0,0.2,84932,1,424,84.73884987831116,23219.26489720866,17139.148819714785,273.6091344339625,201.85788990566024,3,,"All answers are correct and identical, so the smallest index is chosen."
1772818063,math500,291,292,deepseek-r1:8b,deepseek-r1:8b,deepseek-r1:32b,0,0,0.2,103323,1,515,102.97074460983276,27955.8524129726,20567.322232039645,271.16397475728166,199.41027968932016,4,,All answers are correct and identical.
1772818063,math500,292,293,deepseek-r1:32b,deepseek-r1:32b,deepseek-r1:8b,1,3,0.2,897310,1,4480,897.2527616024017,316174.85135948285,251788.67790496163,352.38569196428585,280.6264548928568,4,,Correct answer
1772818063,math500,293,294,deepseek-r1:8b,deepseek-r1:8b,deepseek-r1:32b,0,0,0.2,72276,1,360,71.92265963554382,20910.082564946264,15749.981164705008,290.19058333333317,218.44539866666653,5,,All answers are correct and identical.
1772818063,math500,294,295,deepseek-r1:8b,deepseek-r1:8b,deepseek-r1:32b,0,0,0.2,187685,1,937,187.515398979187,53476.65366860479,40021.20888555609,285.2663319103519,213.50984875133372,4,,All answers are correct and identical.
1772818063,math500,295,296,deepseek-r1:8b,deepseek-r1:8b,deepseek-r1:32b,0,0,0.2,359858,1,1797,359.79796266555786,116719.68055871502,90901.16421215795,324.2864635503611,252.52808990539808,3,,"All candidates agree on the answer 11, which is correct based on the problem's solution."
1772818063,math500,296,297,deepseek-r1:32b,deepseek-r1:32b,deepseek-r1:32b,0,0,0.2,186116,0,929,185.90543174743652,56245.48208696395,42905.34384516813,302.33929494079666,230.58163509149628,2,,"Equation B has the smallest base, leading to the largest x. | override:format_guardrail"
1772818063,math500,297,298,deepseek-r1:8b,deepseek-r1:8b,deepseek-r1:32b,0,0,0.2,103206,1,515,102.97824120521545,29468.85006134212,22079.95308312401,285.8154038834952,214.063367223301,4,,"All answers are correct and the same, so pick the first one."
1772818063,math500,298,299,deepseek-r1:8b,deepseek-r1:8b,,0,0,0.1,1130,0,5,0.8024885654449463,77.56696654856205,19.9803228918463,97.17200000000001,25.411919999999974,4,,tools:success
1772818063,math500,299,300,deepseek-r1:8b,deepseek-r1:8b,deepseek-r1:32b,0,0,0.2,96019,1,480,95.96392059326172,25626.73649809137,18741.27299918793,266.6958770833333,194.94531216666658,4,,All answers are correct and identical.
1772818063,math500,300,301,deepseek-r1:8b,deepseek-r1:8b,deepseek-r1:32b,0,0,0.2,150370,1,750,150.0542697906494,38590.618374768645,27824.169860500842,256.9744986666668,185.22412186666645,4,,All answers are correct and identical.
1772818063,math500,301,302,deepseek-r1:8b,deepseek-r1:8b,deepseek-r1:32b,0,0,0.2,180753,0,902,180.50480914115906,53262.9508565478,40310.46727508865,294.8636662971172,223.10666305986697,5,,All answers are correct and identical.
1772818063,math500,302,303,deepseek-r1:8b,deepseek-r1:8b,deepseek-r1:32b,0,1,0.2,272791,1,1362,272.64582228660583,83635.04620824754,64070.78603540547,306.7363942731279,234.9793409397944,4,,All answers are correct and the same.
1772818063,math500,303,304,deepseek-r1:8b,deepseek-r1:8b,,0,0,0.1,1149,0,6,1.0018093585968018,98.90182836353779,27.01190864853561,115.99150000000002,44.23141999999998,5,,tools:success
1772818063,math500,304,305,deepseek-r1:8b,deepseek-r1:8b,deepseek-r1:32b,0,0,0.2,110229,1,550,109.98643016815186,32946.92679549381,25055.050467621535,299.19316363636335,227.43996952727284,3,,All answers are correct and identical.
1772818063,math500,305,306,deepseek-r1:8b,deepseek-r1:8b,deepseek-r1:32b,0,0,0.2,60769,0,304,60.69874167442322,16141.317184541374,11786.346175439656,265.41917763157886,193.67183197368422,4,,All answers are correct and identical.
1772818063,math500,306,307,deepseek-r1:14b,deepseek-r1:14b,deepseek-r1:14b,1,1,0.2,941156,0,4698,940.841917514801,327168.44781904295,259654.4280418735,347.6948978288643,275.9357438229021,5,,Correctly identifies four quadratic equations meeting the condition.
1772818063,math500,307,308,deepseek-r1:32b,deepseek-r1:32b,deepseek-r1:32b,0,0,0.2,95768,1,478,95.5597779750824,27483.259289857,20626.55254857801,287.2159163179917,215.4628390794981,2,,"All answers are correct and identical, choosing the largest model."
1772818063,math500,308,309,deepseek-r1:8b,deepseek-r1:8b,deepseek-r1:32b,1,1,0.2,1075881,0,5371,1075.7548158168793,367102.6368195154,289906.53707580455,341.2109214299022,269.45098260286767,5,,Correct surface area calculation with simplest form.
1772818063,math500,309,310,deepseek-r1:8b,deepseek-r1:8b,deepseek-r1:32b,0,0,0.2,218067,1,1088,217.76503825187683,62473.320798017085,46846.93297818117,286.7177380514702,214.95971709558805,3,,"All answers are correct and identical, so the first is chosen."
1772818063,math500,310,311,deepseek-r1:8b,deepseek-r1:8b,deepseek-r1:32b,0,0,0.2,79546,1,397,79.33196353912354,22155.376344829798,16463.281737700105,278.95365239294676,207.20329843828716,2,,All answers are correct and identical.
1772818063,math500,311,312,deepseek-r1:8b,deepseek-r1:8b,deepseek-r1:32b,0,0,0.2,106619,1,533,106.57143974304199,29678.98566440493,22032.42329110205,278.20961163227,206.45901613508434,4,,"All answers are correct, but since they are identical, the smallest index is chosen."
1772818063,math500,312,313,deepseek-r1:8b,deepseek-r1:8b,deepseek-r1:32b,0,0,0.2,51731,1,258,51.48655152320862,13411.181150600314,9717.244615938514,259.87165891472847,188.12594418604647,1,,"All answers are correct and identical, so choose the first one."
1772818063,math500,313,314,deepseek-r1:8b,deepseek-r1:8b,deepseek-r1:32b,0,0,0.2,46985,1,234,46.67892026901245,11640.145336210728,8291.410316899419,248.72647435897426,176.98661794871796,5,,"All answers are correct and identical, so the first is chosen."
1772818063,math500,314,315,deepseek-r1:8b,deepseek-r1:8b,deepseek-r1:32b,0,0,0.2,46797,1,234,46.67945742607117,11853.119304526597,8504.608452280983,253.29467094017082,181.56042102564092,2,,All answers are correct and identical.
1772818063,math500,315,316,deepseek-r1:8b,deepseek-r1:8b,deepseek-r1:32b,0,0,0.2,169858,1,848,169.69502592086792,46587.474126942456,34411.340537358075,274.33152594339623,202.5784805188679,4,,All answers are correct and identical.
1772818063,math500,316,317,deepseek-r1:8b,deepseek-r1:8b,deepseek-r1:32b,0,0,0.2,120702,1,602,120.39345669746399,35753.682388320565,27115.0890790727,296.6534850498339,224.90046039867113,2,,All answers are correct and identical.
1772818063,math500,317,318,deepseek-r1:8b,deepseek-r1:8b,deepseek-r1:32b,0,0,0.2,417956,1,2087,417.88416504859924,137360.8052236624,107373.69544581324,328.69010541446977,256.9307222232875,5,,"The polynomial simplifies to a constant, hence degree 0."
1772818063,math500,318,319,deepseek-r1:32b,deepseek-r1:32b,deepseek-r1:32b,0,0,0.2,52289,0,261,52.09141778945923,13796.394021190703,10058.804250979796,264.227057471264,192.47643463601523,2,,"All answers are correct, same result, chose largest model."
1772818063,math500,319,320,deepseek-r1:8b,deepseek-r1:8b,deepseek-r1:32b,0,0,0.2,48664,1,243,48.48333430290222,12624.554024323821,9146.232720820233,259.73294238683127,187.99025465020583,3,,All answers are correct and consistent.
1772818063,math500,320,321,deepseek-r1:8b,deepseek-r1:8b,deepseek-r1:32b,0,0,0.2,96908,1,483,96.55754160881042,27481.048486020416,20552.709316093475,284.2312795031055,212.4777902277431,5,,"All answers are correct and identical, meeting all constraints."
1772818063,math500,321,322,deepseek-r1:8b,deepseek-r1:8b,deepseek-r1:32b,0,0,0.2,60870,1,304,60.70378232002258,16016.424279917032,11661.225353905931,263.660625,191.91547697368387,5,,All answers are correct and identical.
1772818063,math500,322,323,deepseek-r1:8b,deepseek-r1:8b,deepseek-r1:32b,0,0,0.2,53728,1,268,53.486281871795654,14230.894877690822,10394.13269883208,265.45207835820884,193.71840626865668,3,,All answers are correct and identical.
1772818063,math500,323,324,deepseek-r1:8b,deepseek-r1:8b,deepseek-r1:32b,0,0,0.2,230171,1,1149,229.99090099334717,63582.03030842543,47078.3084110897,276.5308894691036,204.7727365013055,5,,"All answers are correct and identical, so the first is chosen."
1772818063,math500,324,325,deepseek-r1:32b,deepseek-r1:32b,deepseek-r1:32b,0,0,0.2,370235,0,1848,370.01066756248474,114232.17236042023,87680.88308202103,308.67743073593033,236.91925729437227,4,,"Answer_2 provides the correct measure of angle ADC as 150 degrees, aligning with the problem's constraints and the closest approximation from the calculations."
1772818063,math500,325,326,deepseek-r1:8b,deepseek-r1:8b,deepseek-r1:32b,0,0,0.2,70020,1,350,69.91815876960754,19119.352113887668,14102.523165751249,273.7307971428572,201.97790068571405,2,,All answers are correct and identical.
1772818063,math500,326,327,deepseek-r1:8b,deepseek-r1:8b,,0,0,0.1,1150,0,6,1.0017173290252686,96.15537245944142,24.272056786343455,96.71050000000001,24.95041999999997,2,,tools:success
1772818063,math500,327,328,deepseek-r1:8b,deepseek-r1:8b,deepseek-r1:32b,0,1,0.2,410897,1,2051,410.6379132270813,134848.96203367412,105381.92438168079,328.28115602145266,256.521981062896,5,,All answers are correct and identical.
1772818063,math500,328,329,deepseek-r1:8b,deepseek-r1:8b,deepseek-r1:32b,0,0,0.2,257584,1,1286,257.43534779548645,75053.98937558755,56580.73682005331,291.4039595645411,219.64515508553606,5,,All answers are correct and identical.
1772818063,math500,329,330,deepseek-r1:8b,deepseek-r1:8b,deepseek-r1:32b,0,0,0.2,53851,1,269,53.689189434051514,12861.425117265433,9009.357756137848,239.04644237918197,167.298853977695,4,,All answers are correct and meet the format.
1772818063,math500,330,331,deepseek-r1:8b,deepseek-r1:8b,deepseek-r1:32b,0,0,0.2,63170,1,315,62.90548324584961,17444.83937337622,12931.691025825217,276.74815238095226,205.0031937777776,5,,All answers are correct and identical.
1772818063,math500,331,332,deepseek-r1:8b,deepseek-r1:8b,deepseek-r1:32b,0,0,0.2,99139,1,495,98.95702958106995,28190.31782752648,21089.92876684107,284.50695151515185,212.75469018181815,5,,All answers are correct and identical.
1772818063,math500,332,333,deepseek-r1:8b,deepseek-r1:8b,deepseek-r1:32b,0,0,0.2,235368,1,1175,235.19372248649597,69134.30416402966,52257.26108944602,293.78786723404227,222.0298147404254,4,,All answers correctly identify the minimum value as 2.
1772818063,math500,333,334,deepseek-r1:8b,deepseek-r1:8b,,0,0,0.1,1124,0,5,0.8014693260192871,78.55235330760479,21.038850355893373,98.58139999999999,26.821319999999968,4,,tools:success
1772818063,math500,334,335,deepseek-r1:8b,deepseek-r1:8b,deepseek-r1:32b,0,0,0.2,68086,1,340,67.91195106506348,18544.22559433058,13671.677942445502,272.5520147058824,200.8039650588233,3,,All answers are correct and identical.
1772818063,math500,335,336,deepseek-r1:8b,deepseek-r1:8b,deepseek-r1:32b,0,0,0.2,97435,1,486,97.16505336761475,27209.4617767334,20237.940927775577,279.67164197530883,207.92235893004118,4,,All answers are correct and consistent.
1772818063,math500,336,337,deepseek-r1:8b,deepseek-r1:8b,deepseek-r1:32b,0,0,0.2,49865,1,249,49.683900117874146,12517.522587373853,8953.0634832941,252.39125301204808,180.648447068273,1,,"All answers are correct and identical, so the first one is chosen."
1772818063,math500,337,338,deepseek-r1:32b,deepseek-r1:32b,deepseek-r1:32b,0,0,0.2,77533,1,387,77.33189582824707,20384.836309481412,14836.646419953555,263.5222118863048,191.77700609819115,3,,"All answers are correct, but prefer the largest model."
1772818063,math500,338,339,deepseek-r1:14b,deepseek-r1:14b,deepseek-r1:32b,0,0,0.2,83096,0,415,82.93219542503357,23436.771526820958,17486.739734498784,282.312074698795,210.56629667469866,3,,Includes base notation and is from the largest model. | override:format_guardrail
1772818063,math500,339,340,deepseek-r1:8b,deepseek-r1:8b,deepseek-r1:32b,0,1,0.2,132164,1,660,132.00809693336487,38767.19825939089,29295.222483871505,293.789371212121,222.03636884848493,3,,"All answers are correct and identical, so the first one is chosen."
1772818063,math500,340,341,deepseek-r1:8b,deepseek-r1:8b,deepseek-r1:32b,2,2,0.2,1773583,1,8854,1773.4369881153107,621563.098035831,494301.11789385043,350.45949909645367,278.6994190964534,3,,The answer is correct based on the calculations.
1772818063,math500,341,342,deepseek-r1:8b,deepseek-r1:8b,deepseek-r1:32b,0,0,0.2,71933,1,359,71.72083115577698,18966.35739243403,13820.168693279848,263.99928969359337,192.24621593314723,4,,"All answers are correct and identical, so the smallest index is chosen."
1772818063,math500,342,343,deepseek-r1:8b,deepseek-r1:8b,deepseek-r1:32b,0,0,0.2,55155,1,275,54.89203953742981,14319.26629980281,10381.191403504461,260.2861454545455,188.5438957090908,3,,"All answers are correct, but the simplest exact form is 2."
1772818063,math500,343,344,deepseek-r1:8b,deepseek-r1:8b,deepseek-r1:32b,0,0,0.2,53929,0,269,53.69228982925415,13276.53352336958,9424.693304659799,246.74655390334553,175.00731122676567,2,,All answers are correct and identical.
1772818063,math500,344,345,deepseek-r1:8b,deepseek-r1:8b,deepseek-r1:32b,0,0,0.2,59016,1,295,58.895660638809204,15083.915044438094,10858.546072887257,255.6289728813558,183.8856191186441,2,,All answers are correct and identical.
1772818063,math500,345,346,deepseek-r1:8b,deepseek-r1:8b,deepseek-r1:32b,0,0,0.2,43793,1,219,43.67257571220398,10729.374077592045,7596.395082656294,245.01554794520533,173.27754666666672,3,,All answers are correct and identical.
1772818063,math500,346,347,deepseek-r1:8b,deepseek-r1:8b,deepseek-r1:32b,0,0,0.2,78606,1,392,78.33471751213074,22364.31040271744,16743.843324655667,285.02210969387716,213.27270632653057,4,,All answers are correct and identical.
1772818063,math500,347,348,deepseek-r1:32b,deepseek-r1:32b,deepseek-r1:32b,0,0,0.2,79329,1,396,79.13435983657837,22082.845310356468,16405.196060189977,278.61510101010094,206.8681152525254,3,,All answers are identical and correct. | override:format_guardrail
1772818063,math500,348,349,deepseek-r1:8b,deepseek-r1:8b,,0,0,0.1,1149,0,6,1.0017597675323486,96.97139589115977,25.08503483235836,97.64883333333334,25.8887533333333,2,,tools:success
1772818063,math500,349,350,deepseek-r1:32b,deepseek-r1:32b,deepseek-r1:32b,0,0,0.2,383261,1,1913,383.0602877140045,115897.21162113175,88409.3393382784,302.4522728698378,230.69366607422904,4,,Correct numerical answer from the largest model.
1772818063,math500,350,351,deepseek-r1:8b,deepseek-r1:8b,deepseek-r1:32b,0,0,0.2,56949,1,284,56.69996690750122,14614.24742225185,10546.001105485484,257.20485563380277,185.45440323943652,2,,"All answers are correct and identical, so the first one is chosen."
1772818063,math500,351,352,deepseek-r1:8b,deepseek-r1:8b,deepseek-r1:32b,0,0,0.2,287750,1,1436,287.4956748485565,91392.5273533091,70761.87205688283,317.7442339832866,245.98435325905334,3,,"All answers are correct and identical, so the first one is chosen."
1772818063,math500,352,353,deepseek-r1:8b,deepseek-r1:8b,deepseek-r1:14b,1,1,0.2,1202264,0,6001,1201.998707294464,425130.6407125816,338875.2043056581,353.6478741876365,281.8878665355759,4,,Correct and concise | override:format_guardrail
1772818063,math500,353,354,deepseek-r1:8b,deepseek-r1:8b,deepseek-r1:32b,0,0,0.2,77199,1,386,77.1388521194458,21274.149685483426,15739.021373152733,275.9753886010365,204.2199879792746,4,,All answers are correct and identical.
1772818063,math500,354,355,deepseek-r1:8b,deepseek-r1:8b,deepseek-r1:32b,0,0,0.2,59971,1,299,59.707035303115845,15913.31880999729,11629.408367047086,265.9725451505016,194.22366662207335,4,,All answers are correct and identical.
1772818063,math500,355,356,deepseek-r1:8b,deepseek-r1:8b,deepseek-r1:32b,0,0,0.2,261003,1,1303,260.8280494213104,81182.7607920058,62466.22498896718,311.1078127398309,239.3496707597846,5,,All answers are correct and identical.
1772818063,math500,356,357,deepseek-r1:8b,deepseek-r1:8b,deepseek-r1:32b,0,0,0.2,96933,1,484,96.76840591430664,27019.618222750723,20076.159661747515,278.86222314049587,207.10884214876052,5,,"All answers are correct and identical, so the first is chosen."
1772818063,math500,357,358,deepseek-r1:8b,deepseek-r1:8b,deepseek-r1:32b,0,0,0.2,92978,1,464,92.75336527824402,25615.04422822967,18959.753258926794,275.7916831896553,204.03911249999976,5,,All candidates agree on the correct answer of 4 possible values for x.
1772818063,math500,358,359,deepseek-r1:32b,deepseek-r1:32b,deepseek-r1:32b,0,0,0.2,107249,1,535,106.97578239440918,31737.83258351311,24062.050390422344,296.3196336448599,224.5670981682243,2,,All answers correctly identify the equation as an ellipse.
1772818063,math500,359,360,deepseek-r1:8b,deepseek-r1:8b,,0,0,0.1,1139,0,6,1.0018174648284912,98.16736413910985,26.27686271816492,141.86766666666668,70.10758666666665,4,,tools:success
1772818063,math500,360,361,deepseek-r1:8b,deepseek-r1:8b,deepseek-r1:32b,0,0,0.2,65129,1,325,64.90645337104797,16743.34443134442,12086.561568338424,257.47434461538484,185.72823483076922,3,,All answers are correct and consistent.
1772818063,math500,361,362,deepseek-r1:32b,deepseek-r1:32b,deepseek-r1:32b,0,0,0.2,200708,1,1002,200.54405403137207,56318.905673954636,41928.5233997684,280.6517924151698,208.89507592814348,4,,"All answers are correct and identical, choosing the largest model."
1772818063,math500,362,363,deepseek-r1:8b,deepseek-r1:8b,deepseek-r1:32b,0,1,0.2,53974,0,269,53.69524335861206,13974.525606542826,10122.358941880986,259.6953494423792,187.95398066914493,1,,All answers are correct and identical.
1772818063,math500,363,364,deepseek-r1:8b,deepseek-r1:8b,deepseek-r1:32b,0,0,0.2,47874,1,239,47.681872844696045,11934.711852230132,8513.982502304018,250.07597489539745,178.33522644351447,2,,"All answers are correct and identical, meeting all criteria."
1772818063,math500,364,365,deepseek-r1:8b,deepseek-r1:8b,,0,0,0.1,1141,0,6,1.0019056797027588,95.75606906414032,23.859237337484956,138.8715,67.11141999999997,4,,tools:success
1772818063,math500,365,366,deepseek-r1:8b,deepseek-r1:8b,deepseek-r1:32b,0,0,0.2,307156,1,1533,306.920015335083,88321.11618999764,66297.4063211251,287.64361513372523,215.8864492367902,5,,All answers are correct and identical.
1772818063,math500,366,367,deepseek-r1:8b,deepseek-r1:8b,deepseek-r1:32b,0,0,0.2,65914,1,329,65.71264219284058,17564.4200116843,12849.49326746352,266.83889057750747,195.08818261398162,4,,All answers are correct and identical.
1772818063,math500,367,368,deepseek-r1:8b,deepseek-r1:8b,deepseek-r1:32b,0,0,0.2,46406,1,232,46.28134608268738,11444.63650623709,8124.302614502609,246.6765172413792,174.93406327586197,4,,All answers are correct and identical.
1772818063,math500,368,369,deepseek-r1:8b,deepseek-r1:8b,deepseek-r1:32b,0,0,0.2,78610,1,392,78.33384251594543,20415.68972868845,14795.482538407668,260.21473469387763,188.46784408163248,2,,All answers are correct and identical.
1772818063,math500,369,370,deepseek-r1:8b,deepseek-r1:8b,deepseek-r1:14b,1,1,0.2,915045,1,4568,914.8967752456665,320541.3879984692,254888.7669504229,350.3060286777602,278.54643471978954,2,,Correct calculation using trapezoid area formula | override:format_guardrail
1772818063,math500,370,371,deepseek-r1:32b,deepseek-r1:32b,deepseek-r1:32b,0,0,0.2,40085,1,200,39.86692214012146,10469.176272444427,7608.574778661132,261.8003649999999,190.04657619999992,1,,"All answers are correct, but prefer the largest model."
1772818063,math500,371,372,deepseek-r1:8b,deepseek-r1:8b,deepseek-r1:32b,0,0,0.2,368588,1,1840,368.4372582435608,103467.79438070953,77028.9611236155,280.7368864130438,208.97749513043428,5,,"All answers are correct and identical, so the smallest index is chosen."
1772818063,math500,372,373,deepseek-r1:8b,deepseek-r1:8b,deepseek-r1:14b,1,1,0.2,993932,1,4961,993.6051115989685,347999.1581878811,276698.0294096321,350.19099173553764,278.430965571457,2,,Correct mathematical solution leading to 90°
1772818063,math500,373,374,deepseek-r1:32b,deepseek-r1:32b,deepseek-r1:32b,0,0,0.2,91542,1,457,91.34851360321045,27084.65137789026,20529.70916334167,296.59142450765876,224.83390520787736,5,,"All answers are correct, but prefer the largest model."
1772818063,math500,374,375,deepseek-r1:8b,deepseek-r1:8b,deepseek-r1:32b,0,0,0.2,47282,1,236,47.0798704624176,11625.707824200392,8248.12260029465,246.33954661016955,174.59787050847447,1,,All answers are correct and consistent.
1772818063,math500,375,376,deepseek-r1:8b,deepseek-r1:8b,deepseek-r1:32b,0,0,0.2,73259,1,366,73.12230634689331,20112.18681542203,14865.795728839934,274.6210081967214,202.87281409836052,5,,All answers are correct and identical.
1772818063,math500,376,377,deepseek-r1:32b,deepseek-r1:32b,deepseek-r1:32b,0,0,0.2,79599,1,397,79.33473205566406,22454.35391844809,16762.400540858507,283.23421410579346,211.4881323929471,4,,All answers are correct and identical. | override:format_guardrail
1772818063,math500,377,378,deepseek-r1:32b,deepseek-r1:32b,deepseek-r1:8b,1,3,0.2,851525,1,4251,851.4080665111542,295532.0818946436,234435.78013560548,347.06009880028375,275.300968986121,3,,"All correct, select largest model."
1772818063,math500,378,379,deepseek-r1:8b,deepseek-r1:8b,deepseek-r1:32b,0,0,0.2,67352,1,336,67.11046314239502,19432.89726017788,14617.681041762233,288.99917261904767,217.24853976190465,3,,All candidates correctly identified 3 primes.
1772818063,math500,379,380,deepseek-r1:32b,deepseek-r1:32b,deepseek-r1:32b,0,0,0.2,146809,0,733,146.65181255340576,40735.53783881664,30212.505333527923,277.59817598908603,205.84295306957722,4,,The 12th grade has the male bus riders closest to 135% of the female riders.
1772818063,math500,380,381,deepseek-r1:8b,deepseek-r1:8b,deepseek-r1:32b,0,0,0.2,139385,1,696,139.2319495677948,40120.82615906,30130.128135289997,287.89366091954037,216.13786862068986,4,,"All answers are correct and identical, meeting all constraints."
1772818063,math500,381,382,deepseek-r1:14b,deepseek-r1:14b,deepseek-r1:14b,1,1,0.2,1050240,1,5243,1050.0669405460358,376796.4461187683,301443.9475051202,358.783717337403,287.02400779706227,5,,Correct mathematical solution with higher model capability
1772818063,math500,382,383,deepseek-r1:8b,deepseek-r1:8b,deepseek-r1:14b,1,1,0.2,760686,1,3797,760.4179358482361,276121.82291213423,221554.4791582711,363.05006083750294,291.2903859573346,5,,Correct mathematical solution with maximum area
1772818063,math500,383,384,deepseek-r1:32b,deepseek-r1:32b,deepseek-r1:32b,0,0,0.2,72926,0,364,72.7111542224884,21778.96634409204,16561.40768930316,299.0049230769231,227.24757999999986,4,,Correct interval notation with proper formatting from the largest model.
1772818063,math500,384,385,deepseek-r1:8b,deepseek-r1:8b,deepseek-r1:32b,0,0,0.2,50518,1,252,50.286309480667114,12369.411580078304,8761.881957422942,245.47299206349194,173.73311571428567,2,,All answers are correct and identical.
1772818063,math500,385,386,deepseek-r1:32b,deepseek-r1:32b,deepseek-r1:32b,0,0,0.2,136853,0,683,136.63264679908752,38249.35141713545,28445.158368177712,280.0580453879939,208.3021793850658,5,,Correct calculation and rounding to 23.
1772818063,math500,386,387,deepseek-r1:8b,deepseek-r1:8b,deepseek-r1:32b,0,0,0.2,69938,1,349,69.7192931175232,17791.6244244352,12789.444196809083,254.75251002865343,183.00504389684806,3,,All answers are correct and identical.
1772818063,math500,387,388,deepseek-r1:32b,deepseek-r1:32b,deepseek-r1:32b,0,0,0.2,55385,1,277,55.2896990776062,14633.41627059877,10667.014225028455,264.11143682310467,192.37282368231038,1,,"All answers are correct, but prefer the largest model."
1772818063,math500,388,389,deepseek-r1:8b,deepseek-r1:8b,deepseek-r1:32b,0,0,0.2,70517,1,352,70.31903648376465,18483.02624795586,13437.872621435672,262.3938068181817,190.64714227272708,5,,All answers are correct and identical.
1772818063,math500,389,390,deepseek-r1:8b,deepseek-r1:8b,deepseek-r1:32b,0,0,0.2,77222,1,385,76.9229884147644,21670.168402560055,16151.040091335773,281.2437116883118,209.49493122077902,3,,All answers are correct and identical.
1772818063,math500,390,391,deepseek-r1:8b,deepseek-r1:8b,deepseek-r1:32b,0,0,0.2,155250,1,775,155.07313323020935,44884.41013116017,33756.870211049914,289.53242322580627,217.77569579354838,5,,All answers are correct and identical.
1772818063,math500,391,392,deepseek-r1:8b,deepseek-r1:8b,,0,0,0.1,1145,0,6,1.001965045928955,97.63776214048266,25.736670289188623,98.25933333333334,26.499253333333304,5,,tools:success
1772818063,math500,392,393,,,,3,3,0.2,1800329,0,8987,1800.1800553798676,596728.7107544839,467547.6459660083,331.4612266607311,259.7011466607305,5,,all_drafts_failed
1772818063,math500,393,394,deepseek-r1:8b,deepseek-r1:8b,deepseek-r1:32b,0,0,0.2,57576,0,287,57.29699993133545,15004.111374791712,10892.83111133799,261.38477700348415,189.63090689895444,3,,All answers are correct and identical.
1772818063,math500,394,395,deepseek-r1:8b,deepseek-r1:8b,deepseek-r1:32b,0,0,0.2,171383,1,856,171.28400087356567,51873.37601303309,39582.54271918908,302.61856542056074,230.86151957943915,5,,All answers are correct and identical.
1772818063,math500,395,396,deepseek-r1:8b,deepseek-r1:8b,deepseek-r1:32b,0,0,0.2,50097,1,250,49.88354182243347,12553.289591025561,8974.401569448411,251.05048,179.3055529599999,1,,"All answers are correct and identical, so the smallest index is chosen."
1772818063,math500,396,397,deepseek-r1:8b,deepseek-r1:8b,deepseek-r1:32b,0,0,0.2,257320,1,1284,257.0640845298767,70134.72105516121,51688.32089398056,272.69665965732145,200.93867563862892,3,,All answers are correct and identical.
1772818063,math500,397,398,deepseek-r1:8b,deepseek-r1:8b,deepseek-r1:32b,0,0,0.2,54051,1,270,53.893977642059326,13670.74305216223,9804.305228862911,253.09296666666654,181.351343111111,2,,All answers are correct and identical.
1772818063,math500,398,399,deepseek-r1:14b,deepseek-r1:14b,deepseek-r1:32b,0,0,0.2,108230,0,540,107.9922091960907,28329.027872618288,20580.50496274233,262.0276537037037,190.27687970370386,4,,Navin earns the most in USD after an eight-hour day. | override:format_guardrail
1772818063,math500,399,400,deepseek-r1:32b,deepseek-r1:32b,deepseek-r1:32b,0,0,0.2,42090,1,210,41.86977958679199,10013.86397343874,7010.481718856841,238.536161904762,166.80452114285708,2,,"All answers are correct, but prefer the largest model."
